IP,Date & Time (UTC),Page URL,Referral URL,URl Level 1,URl Level 2,URl Level 3,URl Level 4,URl Level 5,URL Extras
69.191.211.207,2025-02-01 00:17:10,/company/investors/,-,company,investors,,,,
180.179.180.41,2025-02-01 00:17:16,/company/careers/inside-sales-representative/,-,company,careers,inside-sales-representative,,,
180.179.180.41,2025-02-01 00:17:27,/company/careers/performance-test-engineer/,-,company,careers,performance-test-engineer,,,
3.141.5.27,2025-02-01 00:17:37,/company/news/press-releases/,-,company,news,press-releases,,,
89.246.241.14,2025-02-01 00:17:37,/company/news/press-releases/hypergrowth-online-retailer-selects-egain-knowledge-hub-to-deliver-wow-experiences/,-,company,news,press-releases,hypergrowth-online-retailer-selects-egain-knowledge-hub-to-deliver-wow-experiences,,
180.179.180.41,2025-02-01 00:17:38,/company/careers/director-channel-sales/,-,company,careers,director-channel-sales,,,
162.249.164.251,2025-02-01 00:17:39,/,-,,,,,,
69.191.211.202,2025-02-01 00:17:40,/company/investors/,-,company,investors,,,,
216.170.118.89,2025-02-01 00:17:41,/,-,,,,,,
217.194.131.48,2025-02-01 00:17:43,/,-,,,,,,
83.229.27.34,2025-02-01 00:17:45,/,-,,,,,,
213.255.193.60,2025-02-01 00:17:46,/,-,,,,,,
162.209.124.98,2025-02-01 00:18:01,/company/events/,-,company,events,,,,
69.191.211.218,2025-02-01 00:18:11,/company/investors/,-,company,investors,,,,
98.159.36.22,2025-02-01 00:18:35,/copyright/,-,copyright,,,,,
98.159.36.22,2025-02-01 00:18:37,/knowledge-management-in-it/,https://www.egain.com/copyright/,knowledge-management-in-it,,,,,
83.229.30.17,2025-02-01 00:18:38,/,-,,,,,,
83.229.30.200,2025-02-01 00:18:40,/,-,,,,,,
69.191.211.201,2025-02-01 00:18:41,/company/investors/,-,company,investors,,,,
217.194.137.93,2025-02-01 00:18:43,/,-,,,,,,
162.249.167.253,2025-02-01 00:18:45,/,-,,,,,,
83.229.59.199,2025-02-01 00:18:46,/,-,,,,,,
64.227.97.31,2025-02-01 00:18:47,/,-,,,,,,
64.227.97.31,2025-02-01 00:18:48,/ai-coach-for-banking/,-,ai-coach-for-banking,,,,,
64.227.97.31,2025-02-01 00:18:48,/ai-knowledge-for-field-service/,-,ai-knowledge-for-field-service,,,,,
64.227.97.31,2025-02-01 00:18:48,/ai-knowledge-hub/,-,ai-knowledge-hub,,,,,
34.238.56.48,2025-02-01 00:18:54,/,-,,,,,,
34.238.56.48,2025-02-01 00:18:54,/,-,,,,,,
69.191.211.211,2025-02-01 00:19:11,/company/investors/,-,company,investors,,,,
35.160.202.107,2025-02-01 00:19:29,/,-,,,,,,
51.8.102.150,2025-02-01 00:19:32,/what-is-kcs/,-,what-is-kcs,,,,,
104.169.187.45,2025-02-01 00:19:32,/copyright/,-,copyright,,,,,
104.169.187.45,2025-02-01 00:19:37,/knowledge-management-in-it/,https://www.egain.com/copyright/,knowledge-management-in-it,,,,,
194.124.255.73,2025-02-01 00:19:38,/,-,,,,,,
83.229.114.222,2025-02-01 00:19:40,/,-,,,,,,
87.120.252.207,2025-02-01 00:19:41,/copyright/,-,copyright,,,,,
69.191.211.202,2025-02-01 00:19:42,/company/investors/,-,company,investors,,,,
87.120.252.207,2025-02-01 00:19:42,/knowledge-management-in-it/,https://www.egain.com/copyright/,knowledge-management-in-it,,,,,
209.99.164.137,2025-02-01 00:19:42,/,-,,,,,,
162.249.167.212,2025-02-01 00:19:44,/,-,,,,,,
162.249.166.145,2025-02-01 00:19:46,/,-,,,,,,
69.191.211.216,2025-02-01 00:20:12,/company/investors/,-,company,investors,,,,
3.128.63.195,2025-02-01 00:20:23,/company/careers/sales-operations-analyst/,-,company,careers,sales-operations-analyst,,,
52.39.100.237,2025-02-01 00:20:26,/company/careers/sales-operations-analyst/,-,company,careers,sales-operations-analyst,,,
3.128.63.195,2025-02-01 00:20:32,/company/careers/sales-operations-analyst/,-,company,careers,sales-operations-analyst,,,
3.128.63.195,2025-02-01 00:20:33,/company/careers/sales-operations-analyst/,-,company,careers,sales-operations-analyst,,,
83.229.60.111,2025-02-01 00:20:39,/,-,,,,,,
78.138.53.95,2025-02-01 00:20:41,/,-,,,,,,
69.191.211.211,2025-02-01 00:20:42,/company/investors/,-,company,investors,,,,
83.229.12.163,2025-02-01 00:20:43,/,-,,,,,,
194.126.194.107,2025-02-01 00:20:45,/,-,,,,,,
83.229.30.177,2025-02-01 00:20:47,/,-,,,,,,
45.77.146.191,2025-02-01 00:20:49,/company/investors/,-,company,investors,,,,
45.77.146.191,2025-02-01 00:20:50,/company/annual-reports/,-,company,annual-reports,,,,
45.77.146.191,2025-02-01 00:20:50,/company/investors/annual-reports/,-,company,investors,annual-reports,,,
45.77.146.191,2025-02-01 00:20:50,/company/events/,-,company,events,,,,
69.222.188.146,2025-02-01 00:20:57,/company/careers/sales-operations-analyst/,https://www.indeed.com/,company,careers,sales-operations-analyst,,,
157.66.54.162,2025-02-01 00:20:58,/copyright/,-,copyright,,,,,
3.98.194.109,2025-02-01 00:20:59,/company/careers/sales-operations-analyst/,-,company,careers,sales-operations-analyst,,,
157.66.54.162,2025-02-01 00:21:01,/knowledge-management-in-it/,https://www.egain.com/copyright/,knowledge-management-in-it,,,,,
134.16.69.238,2025-02-01 00:21:04,/,-,,,,,,
52.26.161.96,2025-02-01 00:21:04,/company/careers/sales-operations-analyst/,-,company,careers,sales-operations-analyst,,,
69.191.211.207,2025-02-01 00:21:13,/company/investors/,-,company,investors,,,,
89.246.241.14,2025-02-01 00:21:15,/,-,,,,,,
154.54.249.207,2025-02-01 00:21:21,/success/past-awards/,-,success,past-awards,,,,
216.170.123.124,2025-02-01 00:21:38,/,-,,,,,,
83.229.110.239,2025-02-01 00:21:40,/,-,,,,,,
178.20.44.82,2025-02-01 00:21:41,/partner-deal-registration-form/,https://www.egain.com/partner-deal-registration-form/,partner-deal-registration-form,,,,,
213.255.204.188,2025-02-01 00:21:42,/,-,,,,,,
69.191.211.216,2025-02-01 00:21:43,/company/investors/,-,company,investors,,,,
209.99.168.70,2025-02-01 00:21:44,/,-,,,,,,
206.41.176.16,2025-02-01 00:21:46,/,-,,,,,,
199.33.32.40,2025-02-01 00:21:49,/,-,,,,,,
199.33.32.40,2025-02-01 00:21:49,/company/news/press_releases/egain-positioned-in-the-leaders-quadrant-of-the-magic-quadrant-for-crm-web-customer-service-applications/,-,company,news,press_releases,egain-positioned-in-the-leaders-quadrant-of-the-magic-quadrant-for-crm-web-customer-service-applications,,
199.33.32.40,2025-02-01 00:21:50,/company/news/press-releases/egain-positioned-in-the-leaders-quadrant-of-the-magic-quadrant-for-crm-web-customer-service-applications/,-,company,news,press-releases,egain-positioned-in-the-leaders-quadrant-of-the-magic-quadrant-for-crm-web-customer-service-applications,,
199.33.32.40,2025-02-01 00:21:50,/company/news/press-releases/,-,company,news,press-releases,,,
157.55.39.9,2025-02-01 00:21:51,/products/email-management-software,-,products,email-management-software,,,,
52.12.8.59,2025-02-01 00:21:53,/company/events/feed/,-,company,events,feed,,,
64.222.84.196,2025-02-01 00:21:54,/,-,,,,,,
64.222.84.196,2025-02-01 00:21:55,/,-,,,,,,
52.12.8.59,2025-02-01 00:21:57,/company/events/feed/,-,company,events,feed,,,
157.55.39.200,2025-02-01 00:22:07,/products/email-management-software/,-,products,email-management-software,,,,
69.191.211.210,2025-02-01 00:22:13,/company/investors/,-,company,investors,,,,
213.255.204.99,2025-02-01 00:22:38,/,-,,,,,,
213.255.204.248,2025-02-01 00:22:40,/,-,,,,,,
72.14.201.205,2025-02-01 00:22:41,/ivr-analytics/,https://www.google.com/,ivr-analytics,,,,,
216.170.118.82,2025-02-01 00:22:42,/,-,,,,,,
46.8.14.233,2025-02-01 00:22:43,/knowledge-management-in-contact-centers/,http://egain.com/knowledge-management-in-contact-centers/,knowledge-management-in-contact-centers,,,,,
69.191.211.210,2025-02-01 00:22:43,/company/investors/,-,company,investors,,,,
83.229.118.204,2025-02-01 00:22:44,/,-,,,,,,
46.8.14.233,2025-02-01 00:22:44,/knowledge-management-in-contact-centers/,https://egain.com/knowledge-management-in-contact-centers/,knowledge-management-in-contact-centers,,,,,
46.8.14.233,2025-02-01 00:22:46,/knowledge-management-in-contact-centers/,https://www.egain.com/knowledge-management-in-contact-centers/,knowledge-management-in-contact-centers,,,,,
83.229.13.67,2025-02-01 00:22:46,/,-,,,,,,
69.191.211.211,2025-02-01 00:23:14,/company/investors/,-,company,investors,,,,
5.62.157.118,2025-02-01 00:23:38,/,-,,,,,,
66.249.66.3,2025-02-01 00:23:39,/,-,,,,,,
66.249.66.3,2025-02-01 00:23:39,/,-,,,,,,
209.242.223.138,2025-02-01 00:23:40,/,-,,,,,,
203.166.155.42,2025-02-01 00:23:42,/,-,,,,,,
69.191.211.203,2025-02-01 00:23:44,/company/investors/,-,company,investors,,,,
209.242.223.162,2025-02-01 00:23:44,/,-,,,,,,
162.249.164.168,2025-02-01 00:23:46,/,-,,,,,,
66.249.66.19,2025-02-01 00:23:46,/,-,,,,,,
66.249.66.19,2025-02-01 00:23:46,/,-,,,,,,
34.238.56.48,2025-02-01 00:23:52,/,-,,,,,,
69.191.211.215,2025-02-01 00:24:14,/company/investors/,-,company,investors,,,,
3.21.142.42,2025-02-01 00:24:29,/company/careers/sales-operations-analyst/,-,company,careers,sales-operations-analyst,,,
35.160.202.107,2025-02-01 00:24:29,/,-,,,,,,
185.138.164.9,2025-02-01 00:24:31,/knowledge-management-in-contact-centers/,-,knowledge-management-in-contact-centers,,,,,
3.134.102.226,2025-02-01 00:24:34,/company/news/press-releases/,-,company,news,press-releases,,,
185.138.164.9,2025-02-01 00:24:35,/egain-support/,-,egain-support,,,,,
13.59.86.218,2025-02-01 00:24:35,/blog/,-,blog,,,,,
13.59.86.218,2025-02-01 00:24:36,/blog/,-,blog,,,,,
185.138.164.9,2025-02-01 00:24:37,/best-knowledge-management-software-for-talkdesk-contact-center/,-,best-knowledge-management-software-for-talkdesk-contact-center,,,,,
3.136.161.218,2025-02-01 00:24:38,/company/investors/,-,company,investors,,,,
193.186.4.227,2025-02-01 00:24:38,/ivr-analytics/,https://www.google.com/,ivr-analytics,,,,,
5.62.156.126,2025-02-01 00:24:38,/,-,,,,,,
185.138.164.9,2025-02-01 00:24:40,/company/,-,company,,,,,
203.166.154.205,2025-02-01 00:24:40,/,-,,,,,,
5.62.158.155,2025-02-01 00:24:42,/,-,,,,,,
185.138.164.9,2025-02-01 00:24:42,/company/executive-team/,-,company,executive-team,,,,
185.138.164.9,2025-02-01 00:24:43,/company/board-of-directors/,-,company,board-of-directors,,,,
185.138.164.9,2025-02-01 00:24:44,/company/investors/,-,company,investors,,,,
83.229.59.168,2025-02-01 00:24:44,/,-,,,,,,
69.191.211.203,2025-02-01 00:24:44,/company/investors/,-,company,investors,,,,
83.229.118.37,2025-02-01 00:24:46,/,-,,,,,,
185.138.164.9,2025-02-01 00:24:47,/company/careers/,-,company,careers,,,,
185.138.164.9,2025-02-01 00:24:47,/company/investors/annual-reports/,-,company,investors,annual-reports,,,
185.138.164.9,2025-02-01 00:24:48,/company/locations/,-,company,locations,,,,
69.191.211.213,2025-02-01 00:25:14,/company/investors/,-,company,investors,,,,
137.184.62.96,2025-02-01 00:25:23,/,-,,,,,,
137.184.62.96,2025-02-01 00:25:23,/ai-coach-for-banking/,-,ai-coach-for-banking,,,,,
137.184.62.96,2025-02-01 00:25:24,/ai-knowledge-for-field-service/,-,ai-knowledge-for-field-service,,,,,
64.222.212.196,2025-02-01 00:25:24,/company/news/press_releases/egain-positioned-in-the-leaders-quadrant-of-the-magic-quadrant-for-crm-web-customer-service-applications/,-,company,news,press_releases,egain-positioned-in-the-leaders-quadrant-of-the-magic-quadrant-for-crm-web-customer-service-applications,,
137.184.62.96,2025-02-01 00:25:24,/ai-knowledge-hub/,-,ai-knowledge-hub,,,,,
64.222.212.196,2025-02-01 00:25:24,/company/news/press-releases/egain-positioned-in-the-leaders-quadrant-of-the-magic-quadrant-for-crm-web-customer-service-applications/,-,company,news,press-releases,egain-positioned-in-the-leaders-quadrant-of-the-magic-quadrant-for-crm-web-customer-service-applications,,
64.222.212.196,2025-02-01 00:25:24,/company/news/press-releases/,-,company,news,press-releases,,,
85.208.96.193,2025-02-01 00:25:34,/knowledge-management-in-utilities/,-,knowledge-management-in-utilities,,,,,
83.229.1.101,2025-02-01 00:25:38,/,-,,,,,,
217.113.194.149,2025-02-01 00:25:39,/what-is-kcs/,-,what-is-kcs,,,,,
209.99.133.120,2025-02-01 00:25:40,/,-,,,,,,
23.249.164.253,2025-02-01 00:25:42,/,-,,,,,,
206.41.176.159,2025-02-01 00:25:44,/,-,,,,,,
69.191.211.201,2025-02-01 00:25:45,/company/investors/,-,company,investors,,,,
23.249.163.179,2025-02-01 00:25:46,/,-,,,,,,
69.191.211.206,2025-02-01 00:26:15,/company/investors/,-,company,investors,,,,
83.229.0.45,2025-02-01 00:26:39,/,-,,,,,,
3.21.142.42,2025-02-01 00:26:39,/company/careers/senior-software-development-engineer/,-,company,careers,senior-software-development-engineer,,,
209.242.223.110,2025-02-01 00:26:41,/,-,,,,,,
194.126.194.178,2025-02-01 00:26:43,/,-,,,,,,
162.249.167.195,2025-02-01 00:26:45,/,-,,,,,,
69.191.211.212,2025-02-01 00:26:45,/company/investors/,-,company,investors,,,,
3.128.63.195,2025-02-01 00:26:46,/company/careers/visual-designer/,-,company,careers,visual-designer,,,
203.166.149.225,2025-02-01 00:26:47,/,-,,,,,,
52.39.100.237,2025-02-01 00:26:54,/company/careers/visual-designer/,-,company,careers,visual-designer,,,
3.21.142.42,2025-02-01 00:26:55,/company/careers/visual-designer/,-,company,careers,visual-designer,,,
34.213.174.241,2025-02-01 00:27:12,/company/careers/solution-success-analyst/,-,company,careers,solution-success-analyst,,,
3.128.63.195,2025-02-01 00:27:12,/company/careers/solution-success-analyst/,-,company,careers,solution-success-analyst,,,
69.191.211.202,2025-02-01 00:27:15,/company/investors/,-,company,investors,,,,
18.219.101.101,2025-02-01 00:27:35,/company/careers/office-manager/,-,company,careers,office-manager,,,
23.249.161.163,2025-02-01 00:27:39,/,-,,,,,,
172.56.46.158,2025-02-01 00:27:40,/,https://www.google.com/,,,,,,
83.229.1.64,2025-02-01 00:27:41,/,-,,,,,,
5.62.156.37,2025-02-01 00:27:43,/,-,,,,,,
69.191.211.219,2025-02-01 00:27:45,/company/investors/,-,company,investors,,,,
217.194.152.1,2025-02-01 00:27:46,/,-,,,,,,
136.226.81.16,2025-02-01 00:27:48,/company/events/,-,company,events,,,,
5.62.156.63,2025-02-01 00:27:49,/,-,,,,,,
85.208.98.198,2025-02-01 00:28:08,/solutions/insurance/,-,solutions,insurance,,,,
85.208.98.198,2025-02-01 00:28:08,/company/news/press_releases/egain-positioned-in-the-leaders-quadrant-of-the-magic-quadrant-for-crm-web-customer-service-applications,-,company,news,press_releases,egain-positioned-in-the-leaders-quadrant-of-the-magic-quadrant-for-crm-web-customer-service-applications,,
85.208.98.198,2025-02-01 00:28:13,/,-,,,,,,
69.191.211.218,2025-02-01 00:28:16,/company/investors/,-,company,investors,,,,
85.217.191.94,2025-02-01 00:28:39,/,-,,,,,,
209.99.171.193,2025-02-01 00:28:41,/,-,,,,,,
203.166.156.232,2025-02-01 00:28:43,/,-,,,,,,
83.229.114.120,2025-02-01 00:28:45,/,-,,,,,,
69.191.211.201,2025-02-01 00:28:46,/company/investors/,-,company,investors,,,,
5.62.153.150,2025-02-01 00:28:46,/,-,,,,,,
176.100.243.133,2025-02-01 00:28:47,/blog/use-cases-generative-ai-cx-ex/?utm_source=1on1&utm_medium=marketing-email&utm_campaign=usecases_0130_na_fw&uid=4f88c1a7-eb21-ec11-b6e5-00224824a799,-,blog,use-cases-generative-ai-cx-ex,?utm_source=1on1&utm_medium=marketing-email&utm_campaign=usecases_0130_na_fw&uid=4f88c1a7-eb21-ec11-b6e5-00224824a799,,,
66.249.66.23,2025-02-01 00:28:48,/ai-knowledge-for-field-service/,-,ai-knowledge-for-field-service,,,,,
157.55.39.15,2025-02-01 00:28:54,/blog/jobdata_city/northeast-usa/,-,blog,jobdata_city,northeast-usa,,,
69.191.211.214,2025-02-01 00:29:16,/company/investors/,-,company,investors,,,,
35.160.202.107,2025-02-01 00:29:30,/,-,,,,,,
5.62.154.174,2025-02-01 00:29:39,/,-,,,,,,
83.229.110.37,2025-02-01 00:29:40,/,-,,,,,,
209.242.223.85,2025-02-01 00:29:42,/,-,,,,,,
78.138.41.109,2025-02-01 00:29:45,/,-,,,,,,
69.191.211.212,2025-02-01 00:29:46,/company/investors/,-,company,investors,,,,
83.229.118.198,2025-02-01 00:29:47,/,-,,,,,,
68.123.8.102,2025-02-01 00:30:01,/company/,https://www.egain.com/,company,,,,,
162.209.124.98,2025-02-01 00:30:02,/company/events/,-,company,events,,,,
162.209.124.98,2025-02-01 00:30:04,/company/events/,-,company,events,,,,
69.191.211.219,2025-02-01 00:30:17,/company/investors/,-,company,investors,,,,
217.113.194.144,2025-02-01 00:30:19,/what-is-self-service/,-,what-is-self-service,,,,,
176.111.172.82,2025-02-01 00:30:39,/,-,,,,,,
5.62.152.136,2025-02-01 00:30:40,/,-,,,,,,
162.249.165.119,2025-02-01 00:30:42,/,-,,,,,,
162.249.167.172,2025-02-01 00:30:44,/,-,,,,,,
206.41.187.238,2025-02-01 00:30:46,/,-,,,,,,
69.191.211.219,2025-02-01 00:30:47,/company/investors/,-,company,investors,,,,
52.186.35.38,2025-02-01 00:30:53,/company/executive-team/,-,company,executive-team,,,,
52.186.35.38,2025-02-01 00:30:53,/company/executive-team/,-,company,executive-team,,,,
3.98.194.109,2025-02-01 00:31:06,/company/careers/solution-success-analyst/,-,company,careers,solution-success-analyst,,,
69.191.211.219,2025-02-01 00:31:17,/company/investors/,-,company,investors,,,,
45.77.146.191,2025-02-01 00:31:18,/company/investors/,-,company,investors,,,,
45.77.146.191,2025-02-01 00:31:18,/company/annual-reports/,-,company,annual-reports,,,,
45.77.146.191,2025-02-01 00:31:19,/company/investors/annual-reports/,-,company,investors,annual-reports,,,
45.77.146.191,2025-02-01 00:31:19,/company/events/,-,company,events,,,,
193.186.4.207,2025-02-01 00:31:24,/what-is-digital-customer-experience-and-why-it-is-important/,https://www.google.com/,what-is-digital-customer-experience-and-why-it-is-important,,,,,
83.229.92.42,2025-02-01 00:31:39,/,-,,,,,,
83.229.27.119,2025-02-01 00:31:41,/,-,,,,,,
23.249.174.162,2025-02-01 00:31:43,/,-,,,,,,
18.220.193.86,2025-02-01 00:31:43,/company/news/press-releases/,-,company,news,press-releases,,,
83.229.58.75,2025-02-01 00:31:45,/,-,,,,,,
217.194.136.166,2025-02-01 00:31:47,/,-,,,,,,
69.191.211.207,2025-02-01 00:31:47,/company/investors/,-,company,investors,,,,
69.191.211.207,2025-02-01 00:32:18,/company/investors/,-,company,investors,,,,
83.229.37.141,2025-02-01 00:32:39,/,-,,,,,,
162.249.167.167,2025-02-01 00:32:41,/,-,,,,,,
217.194.139.165,2025-02-01 00:32:43,/,-,,,,,,
203.166.157.133,2025-02-01 00:32:45,/,-,,,,,,
209.99.169.129,2025-02-01 00:32:47,/,-,,,,,,
69.191.211.214,2025-02-01 00:32:48,/company/investors/,-,company,investors,,,,
35.94.235.11,2025-02-01 00:33:03,/company/news/feed/,-,company,news,feed,,,
35.94.235.11,2025-02-01 00:33:07,/company/news/feed/,-,company,news,feed,,,
85.208.96.208,2025-02-01 00:33:16,/experience-success-webinars-real-world-stories-in-cx-ax-and-ex-transformation/,-,experience-success-webinars-real-world-stories-in-cx-ax-and-ex-transformation,,,,,
69.191.211.201,2025-02-01 00:33:18,/company/investors/,-,company,investors,,,,
165.225.243.2,2025-02-01 00:33:21,/,-,,,,,,
165.225.243.2,2025-02-01 00:33:22,/,-,,,,,,
209.99.169.80,2025-02-01 00:33:38,/,-,,,,,,
209.99.168.165,2025-02-01 00:33:40,/,-,,,,,,
209.99.168.40,2025-02-01 00:33:42,/,-,,,,,,
176.111.172.209,2025-02-01 00:33:44,/,-,,,,,,
203.166.146.182,2025-02-01 00:33:46,/,-,,,,,,
69.191.211.215,2025-02-01 00:33:49,/company/investors/,-,company,investors,,,,
18.119.122.245,2025-02-01 00:34:01,/contact-us/?utm_source=1on1&utm_medium=marketing-email&utm_campaign=email3_0128_emeafw&uid=01c863da-7591-ef11-ac21-0022482cdce2,-,contact-us,?utm_source=1on1&utm_medium=marketing-email&utm_campaign=email3_0128_emeafw&uid=01c863da-7591-ef11-ac21-0022482cdce2,,,,
18.221.235.110,2025-02-01 00:34:01,/contact-us/?utm_source=1on1&utm_medium=marketing-email&utm_campaign=email3_0128_emeafw&uid=01c863da-7591-ef11-ac21-0022482cdce2,-,contact-us,?utm_source=1on1&utm_medium=marketing-email&utm_campaign=email3_0128_emeafw&uid=01c863da-7591-ef11-ac21-0022482cdce2,,,,
107.178.194.67,2025-02-01 00:34:02,/contact-us/?utm_source=1on1&utm_medium=marketing-email&utm_campaign=email3_0128_emeafw&uid=01c863da-7591-ef11-ac21-0022482cdce2,http://www.egain.com,contact-us,?utm_source=1on1&utm_medium=marketing-email&utm_campaign=email3_0128_emeafw&uid=01c863da-7591-ef11-ac21-0022482cdce2,,,,
34.86.212.119,2025-02-01 00:34:06,/contact-us/?utm_source=1on1&utm_medium=marketing-email&utm_campaign=email3_0128_emeafw&uid=01c863da-7591-ef11-ac21-0022482cdce2,-,contact-us,?utm_source=1on1&utm_medium=marketing-email&utm_campaign=email3_0128_emeafw&uid=01c863da-7591-ef11-ac21-0022482cdce2,,,,
23.108.254.177,2025-02-01 00:34:07,/copyright/,-,copyright,,,,,
23.108.254.177,2025-02-01 00:34:08,/knowledge-management-in-it/,https://www.egain.com/copyright/,knowledge-management-in-it,,,,,
107.178.194.67,2025-02-01 00:34:11,/contact-us/?utm_source=1on1&utm_medium=marketing-email&utm_campaign=email3_0128_emeafw&uid=01c863da-7591-ef11-ac21-0022482cdce2,http://www.egain.com,contact-us,?utm_source=1on1&utm_medium=marketing-email&utm_campaign=email3_0128_emeafw&uid=01c863da-7591-ef11-ac21-0022482cdce2,,,,
107.178.194.68,2025-02-01 00:34:13,/contact-us/?utm_source=1on1&utm_medium=marketing-email&utm_campaign=email3_0128_emeafw&uid=01c863da-7591-ef11-ac21-0022482cdce2/cdn-cgi/scripts/5c5dd728/cloudflare-static/email-decode.min.js,http://www.egain.com,contact-us,?utm_source=1on1&utm_medium=marketing-email&utm_campaign=email3_0128_emeafw&uid=01c863da-7591-ef11-ac21-0022482cdce2,cdn-cgi,scripts,5c5dd728,cloudflare-static/email-decode.min.js
107.178.194.69,2025-02-01 00:34:14,/contact-us/?utm_source=1on1&utm_medium=marketing-email&utm_campaign=email3_0128_emeafw&uid=01c863da-7591-ef11-ac21-0022482cdce2/cdn-cgi/scripts/5c5dd728/cloudflare-static/email-decode.min.js,http://www.egain.com,contact-us,?utm_source=1on1&utm_medium=marketing-email&utm_campaign=email3_0128_emeafw&uid=01c863da-7591-ef11-ac21-0022482cdce2,cdn-cgi,scripts,5c5dd728,cloudflare-static/email-decode.min.js
69.191.211.217,2025-02-01 00:34:19,/company/investors/,-,company,investors,,,,
35.160.202.107,2025-02-01 00:34:29,/,-,,,,,,
91.90.143.7,2025-02-01 00:34:32,/,-,,,,,,
217.113.194.143,2025-02-01 00:34:36,/blog/author/john/,-,blog,author,john,,,
78.138.41.228,2025-02-01 00:34:38,/,-,,,,,,
176.100.243.133,2025-02-01 00:34:40,/contact-us/?utm_source=1on1&utm_medium=marketing-email&utm_campaign=email3fw_0128_na&uid=776852a7-00d5-eb11-8235-0022481ff34f,-,contact-us,?utm_source=1on1&utm_medium=marketing-email&utm_campaign=email3fw_0128_na&uid=776852a7-00d5-eb11-8235-0022481ff34f,,,,
83.229.36.97,2025-02-01 00:34:41,/,-,,,,,,
162.249.167.8,2025-02-01 00:34:42,/,-,,,,,,
23.249.164.126,2025-02-01 00:34:45,/,-,,,,,,
185.191.171.13,2025-02-01 00:34:46,/company/news/press-releases/egain-knowledge-hub-now-available-on-five9-cx-marketplace/,-,company,news,press-releases,egain-knowledge-hub-now-available-on-five9-cx-marketplace,,
5.62.154.248,2025-02-01 00:34:46,/,-,,,,,,
69.191.211.202,2025-02-01 00:34:49,/company/investors/,-,company,investors,,,,
52.26.161.96,2025-02-01 00:35:09,/company/careers/senior-software-development-engineer/,-,company,careers,senior-software-development-engineer,,,
69.191.211.217,2025-02-01 00:35:19,/company/investors/,-,company,investors,,,,
217.194.137.162,2025-02-01 00:35:39,/,-,,,,,,
162.249.166.76,2025-02-01 00:35:41,/,-,,,,,,
213.255.204.183,2025-02-01 00:35:43,/,-,,,,,,
209.99.170.91,2025-02-01 00:35:45,/,-,,,,,,
83.229.114.173,2025-02-01 00:35:47,/,-,,,,,,
69.191.211.210,2025-02-01 00:35:49,/company/investors/,-,company,investors,,,,
81.169.144.135,2025-02-01 00:35:50,/,https://www.google.de/,,,,,,
178.24.150.146,2025-02-01 00:35:51,/,https://www.google.de/,,,,,,
51.8.155.61,2025-02-01 00:35:59,/what-is-knowledge-management-system/,-,what-is-knowledge-management-system,,,,,
40.84.221.220,2025-02-01 00:36:15,/knowledge-management-system-examples/,-,knowledge-management-system-examples,,,,,
40.84.221.220,2025-02-01 00:36:16,/what-are-knowledge-management-system-examples/,-,what-are-knowledge-management-system-examples,,,,,
35.193.190.109,2025-02-01 00:36:16,/company/investors/proxy-statement-and-annual-report/,-,company,investors,proxy-statement-and-annual-report,,,
69.191.211.210,2025-02-01 00:36:20,/company/investors/,-,company,investors,,,,
193.186.4.199,2025-02-01 00:36:28,/ivr-analytics/,https://www.google.com/,ivr-analytics,,,,,
18.218.37.251,2025-02-01 00:36:39,/blog/use-cases-generative-ai-cx-ex/?utm_source=1on1&utm_medium=marketing-email&utm_campaign=usecases_0130_na_fw&uid=c9a72c5e-f7a3-ee11-be37-0022482cd3d0,-,blog,use-cases-generative-ai-cx-ex,?utm_source=1on1&utm_medium=marketing-email&utm_campaign=usecases_0130_na_fw&uid=c9a72c5e-f7a3-ee11-be37-0022482cd3d0,,,
3.138.124.57,2025-02-01 00:36:39,/blog/use-cases-generative-ai-cx-ex/?utm_source=1on1&utm_medium=marketing-email&utm_campaign=usecases_0130_na_fw&uid=c9a72c5e-f7a3-ee11-be37-0022482cd3d0,-,blog,use-cases-generative-ai-cx-ex,?utm_source=1on1&utm_medium=marketing-email&utm_campaign=usecases_0130_na_fw&uid=c9a72c5e-f7a3-ee11-be37-0022482cd3d0,,,
34.71.214.216,2025-02-01 00:36:40,/blog/use-cases-generative-ai-cx-ex/?utm_source=1on1&utm_medium=marketing-email&utm_campaign=usecases_0130_na_fw&uid=c9a72c5e-f7a3-ee11-be37-0022482cd3d0,-,blog,use-cases-generative-ai-cx-ex,?utm_source=1on1&utm_medium=marketing-email&utm_campaign=usecases_0130_na_fw&uid=c9a72c5e-f7a3-ee11-be37-0022482cd3d0,,,
194.126.194.255,2025-02-01 00:36:40,/,-,,,,,,
162.249.166.59,2025-02-01 00:36:40,/,-,,,,,,
23.249.174.183,2025-02-01 00:36:43,/,-,,,,,,
3.84.103.155,2025-02-01 00:36:44,/blog/use-cases-generative-ai-cx-ex/?utm_source=1on1&utm_medium=marketing-email&utm_campaign=usecases_0130_na_fw&uid=c9a72c5e-f7a3-ee11-be37-0022482cd3d0,-,blog,use-cases-generative-ai-cx-ex,?utm_source=1on1&utm_medium=marketing-email&utm_campaign=usecases_0130_na_fw&uid=c9a72c5e-f7a3-ee11-be37-0022482cd3d0,,,
162.249.166.211,2025-02-01 00:36:44,/,-,,,,,,
107.178.194.69,2025-02-01 00:36:45,/blog/use-cases-generative-ai-cx-ex/?utm_source=1on1&utm_medium=marketing-email&utm_campaign=usecases_0130_na_fw&uid=c9a72c5e-f7a3-ee11-be37-0022482cd3d0,http://www.egain.com,blog,use-cases-generative-ai-cx-ex,?utm_source=1on1&utm_medium=marketing-email&utm_campaign=usecases_0130_na_fw&uid=c9a72c5e-f7a3-ee11-be37-0022482cd3d0,,,
162.249.166.159,2025-02-01 00:36:46,/,-,,,,,,
107.178.194.74,2025-02-01 00:36:48,/blog/use-cases-generative-ai-cx-ex/?utm_source=1on1&utm_medium=marketing-email&utm_campaign=usecases_0130_na_fw&uid=c9a72c5e-f7a3-ee11-be37-0022482cd3d0,http://www.egain.com,blog,use-cases-generative-ai-cx-ex,?utm_source=1on1&utm_medium=marketing-email&utm_campaign=usecases_0130_na_fw&uid=c9a72c5e-f7a3-ee11-be37-0022482cd3d0,,,
69.191.211.203,2025-02-01 00:36:50,/company/investors/,-,company,investors,,,,
107.178.194.69,2025-02-01 00:36:51,/blog/use-cases-generative-ai-cx-ex/?utm_source=1on1&utm_medium=marketing-email&utm_campaign=usecases_0130_na_fw&uid=c9a72c5e-f7a3-ee11-be37-0022482cd3d0/cdn-cgi/scripts/5c5dd728/cloudflare-static/email-decode.min.js,http://www.egain.com,blog,use-cases-generative-ai-cx-ex,?utm_source=1on1&utm_medium=marketing-email&utm_campaign=usecases_0130_na_fw&uid=c9a72c5e-f7a3-ee11-be37-0022482cd3d0,cdn-cgi,scripts,5c5dd728/cloudflare-static/email-decode.min.js
13.216.65.214,2025-02-01 00:36:53,/blog/use-cases-generative-ai-cx-ex/?utm_source=1on1&utm_medium=marketing-email&utm_campaign=usecases_0130_na_fw&uid=d48e26ed-10b0-ea11-a812-000d3a1bb0e7,-,blog,use-cases-generative-ai-cx-ex,?utm_source=1on1&utm_medium=marketing-email&utm_campaign=usecases_0130_na_fw&uid=d48e26ed-10b0-ea11-a812-000d3a1bb0e7,,,
34.233.29.123,2025-02-01 00:36:59,/blog/use-cases-generative-ai-cx-ex/?utm_source=1on1&amp;utm_medium=marketing-email&amp;utm_campaign=usecases_0130_na_fw&amp;uid=d48e26ed-10b0-ea11-a812-000d3a1bb0e7,-,blog,use-cases-generative-ai-cx-ex,?utm_source=1on1&amp;utm_medium=marketing-email&amp;utm_campaign=usecases_0130_na_fw&amp;uid=d48e26ed-10b0-ea11-a812-000d3a1bb0e7,,,
69.191.211.211,2025-02-01 00:36:59,/company/investors/,-,company,investors,,,,
120.29.110.85,2025-02-01 00:37:13,/knowledge-management-system-examples/?utm_source=chatgpt.com,-,knowledge-management-system-examples,?utm_source=chatgpt.com,,,,
52.186.35.38,2025-02-01 00:37:15,/company/news/press-releases/,-,company,news,press-releases,,,
69.191.211.212,2025-02-01 00:37:20,/company/investors/,-,company,investors,,,,
38.205.0.183,2025-02-01 00:37:20,/blog/use-cases-generative-ai-cx-ex/?utm_source=1on1&utm_medium=marketing-email&utm_campaign=usecases_0130_na_fw&uid=d48e26ed-10b0-ea11-a812-000d3a1bb0e7,-,blog,use-cases-generative-ai-cx-ex,?utm_source=1on1&utm_medium=marketing-email&utm_campaign=usecases_0130_na_fw&uid=d48e26ed-10b0-ea11-a812-000d3a1bb0e7,,,
37.120.146.213,2025-02-01 00:37:25,/blog/use-cases-generative-ai-cx-ex/?utm_source=1on1&amp;utm_medium=marketing-email&amp;utm_campaign=usecases_0130_na_fw&amp;uid=d48e26ed-10b0-ea11-a812-000d3a1bb0e7,-,blog,use-cases-generative-ai-cx-ex,?utm_source=1on1&amp;utm_medium=marketing-email&amp;utm_campaign=usecases_0130_na_fw&amp;uid=d48e26ed-10b0-ea11-a812-000d3a1bb0e7,,,
180.179.180.41,2025-02-01 00:37:37,/company/careers/principal-knowledge-consultant/,-,company,careers,principal-knowledge-consultant,,,
83.229.1.27,2025-02-01 00:37:39,/,-,,,,,,
52.26.161.96,2025-02-01 00:37:40,/company/careers/content-marketing-writer/,-,company,careers,content-marketing-writer,,,
162.249.165.131,2025-02-01 00:37:40,/,-,,,,,,
203.166.150.47,2025-02-01 00:37:42,/,-,,,,,,
206.41.178.234,2025-02-01 00:37:44,/,-,,,,,,
78.138.55.211,2025-02-01 00:37:46,/,-,,,,,,
180.179.180.41,2025-02-01 00:37:47,/company/careers/senior-customer-success-manager/,-,company,careers,senior-customer-success-manager,,,
69.191.211.217,2025-02-01 00:37:50,/company/investors/,-,company,investors,,,,
37.120.146.213,2025-02-01 00:37:55,/knowledge-management-for-dummies/,https://www.egain.com/,knowledge-management-for-dummies,,,,,
37.120.146.213,2025-02-01 00:37:57,/knowledge-management-for-dummies/,https://www.egain.com/,knowledge-management-for-dummies,,,,,
180.179.180.41,2025-02-01 00:37:58,/company/careers/cloud-infrastructure-engineer-sunnyvaleca/,-,company,careers,cloud-infrastructure-engineer-sunnyvaleca,,,
180.179.180.41,2025-02-01 00:38:08,/company/careers/team-lead-managed-services-us/,-,company,careers,team-lead-managed-services-us,,,
69.191.211.204,2025-02-01 00:38:20,/company/investors/,-,company,investors,,,,
18.200.130.233,2025-02-01 00:38:27,/,-,,,,,,
3.21.122.219,2025-02-01 00:38:35,/contact-us/?utm_source=1on1&utm_medium=marketing-email&utm_campaign=email3_0128_emeafw&uid=144ee692-4691-ef11-ac21-0022482cdce2,-,contact-us,?utm_source=1on1&utm_medium=marketing-email&utm_campaign=email3_0128_emeafw&uid=144ee692-4691-ef11-ac21-0022482cdce2,,,,
18.222.178.35,2025-02-01 00:38:35,/contact-us/?utm_source=1on1&utm_medium=marketing-email&utm_campaign=email3_0128_emeafw&uid=144ee692-4691-ef11-ac21-0022482cdce2,-,contact-us,?utm_source=1on1&utm_medium=marketing-email&utm_campaign=email3_0128_emeafw&uid=144ee692-4691-ef11-ac21-0022482cdce2,,,,
34.71.214.216,2025-02-01 00:38:35,/contact-us/?utm_source=1on1&utm_medium=marketing-email&utm_campaign=email3_0128_emeafw&uid=144ee692-4691-ef11-ac21-0022482cdce2,-,contact-us,?utm_source=1on1&utm_medium=marketing-email&utm_campaign=email3_0128_emeafw&uid=144ee692-4691-ef11-ac21-0022482cdce2,,,,
107.178.194.67,2025-02-01 00:38:35,/contact-us/?utm_source=1on1&utm_medium=marketing-email&utm_campaign=email3_0128_emeafw&uid=144ee692-4691-ef11-ac21-0022482cdce2,http://www.egain.com,contact-us,?utm_source=1on1&utm_medium=marketing-email&utm_campaign=email3_0128_emeafw&uid=144ee692-4691-ef11-ac21-0022482cdce2,,,,
107.178.194.68,2025-02-01 00:38:37,/contact-us/?utm_source=1on1&utm_medium=marketing-email&utm_campaign=email3_0128_emeafw&uid=144ee692-4691-ef11-ac21-0022482cdce2,http://www.egain.com,contact-us,?utm_source=1on1&utm_medium=marketing-email&utm_campaign=email3_0128_emeafw&uid=144ee692-4691-ef11-ac21-0022482cdce2,,,,
216.170.118.176,2025-02-01 00:38:38,/,-,,,,,,
107.178.194.68,2025-02-01 00:38:39,/contact-us/?utm_source=1on1&utm_medium=marketing-email&utm_campaign=email3_0128_emeafw&uid=144ee692-4691-ef11-ac21-0022482cdce2/cdn-cgi/scripts/5c5dd728/cloudflare-static/email-decode.min.js,http://www.egain.com,contact-us,?utm_source=1on1&utm_medium=marketing-email&utm_campaign=email3_0128_emeafw&uid=144ee692-4691-ef11-ac21-0022482cdce2,cdn-cgi,scripts,5c5dd728,cloudflare-static/email-decode.min.js
107.178.194.72,2025-02-01 00:38:39,/contact-us/?utm_source=1on1&utm_medium=marketing-email&utm_campaign=email3_0128_emeafw&uid=144ee692-4691-ef11-ac21-0022482cdce2/cdn-cgi/scripts/5c5dd728/cloudflare-static/email-decode.min.js,http://www.egain.com,contact-us,?utm_source=1on1&utm_medium=marketing-email&utm_campaign=email3_0128_emeafw&uid=144ee692-4691-ef11-ac21-0022482cdce2,cdn-cgi,scripts,5c5dd728,cloudflare-static/email-decode.min.js
83.229.30.131,2025-02-01 00:38:40,/,-,,,,,,
217.194.136.69,2025-02-01 00:38:42,/,-,,,,,,
217.194.137.170,2025-02-01 00:38:44,/,-,,,,,,
5.62.152.167,2025-02-01 00:38:46,/,-,,,,,,
217.113.194.142,2025-02-01 00:38:47,/blog/author/anand/,-,blog,author,anand,,,
3.143.210.223,2025-02-01 00:38:48,/company/news/press-releases/,-,company,news,press-releases,,,
69.191.211.215,2025-02-01 00:38:51,/company/investors/,-,company,investors,,,,
18.119.111.13,2025-02-01 00:39:03,/contact-us/?utm_source=1on1&utm_medium=marketing-email&utm_campaign=email3_0128_emeafw&uid=e87b7481-c892-ef11-ac21-0022482cda5d,-,contact-us,?utm_source=1on1&utm_medium=marketing-email&utm_campaign=email3_0128_emeafw&uid=e87b7481-c892-ef11-ac21-0022482cda5d,,,,
3.135.240.97,2025-02-01 00:39:03,/contact-us/?utm_source=1on1&utm_medium=marketing-email&utm_campaign=email3_0128_emeafw&uid=e87b7481-c892-ef11-ac21-0022482cda5d,-,contact-us,?utm_source=1on1&utm_medium=marketing-email&utm_campaign=email3_0128_emeafw&uid=e87b7481-c892-ef11-ac21-0022482cda5d,,,,
107.178.194.68,2025-02-01 00:39:03,/contact-us/?utm_source=1on1&utm_medium=marketing-email&utm_campaign=email3_0128_emeafw&uid=e87b7481-c892-ef11-ac21-0022482cda5d,http://www.egain.com,contact-us,?utm_source=1on1&utm_medium=marketing-email&utm_campaign=email3_0128_emeafw&uid=e87b7481-c892-ef11-ac21-0022482cda5d,,,,
34.71.214.216,2025-02-01 00:39:04,/contact-us/?utm_source=1on1&utm_medium=marketing-email&utm_campaign=email3_0128_emeafw&uid=e87b7481-c892-ef11-ac21-0022482cda5d,-,contact-us,?utm_source=1on1&utm_medium=marketing-email&utm_campaign=email3_0128_emeafw&uid=e87b7481-c892-ef11-ac21-0022482cda5d,,,,
72.241.243.143,2025-02-01 00:39:05,/company/events/,-,company,events,,,,
99.2.61.47,2025-02-01 00:39:06,/company/events/,-,company,events,,,,
107.178.194.67,2025-02-01 00:39:13,/contact-us/?utm_source=1on1&utm_medium=marketing-email&utm_campaign=email3_0128_emeafw&uid=e87b7481-c892-ef11-ac21-0022482cda5d,http://www.egain.com,contact-us,?utm_source=1on1&utm_medium=marketing-email&utm_campaign=email3_0128_emeafw&uid=e87b7481-c892-ef11-ac21-0022482cda5d,,,,
107.178.194.68,2025-02-01 00:39:15,/contact-us/?utm_source=1on1&utm_medium=marketing-email&utm_campaign=email3_0128_emeafw&uid=e87b7481-c892-ef11-ac21-0022482cda5d/cdn-cgi/scripts/5c5dd728/cloudflare-static/email-decode.min.js,http://www.egain.com,contact-us,?utm_source=1on1&utm_medium=marketing-email&utm_campaign=email3_0128_emeafw&uid=e87b7481-c892-ef11-ac21-0022482cda5d,cdn-cgi,scripts,5c5dd728,cloudflare-static/email-decode.min.js
107.178.194.68,2025-02-01 00:39:15,/contact-us/?utm_source=1on1&utm_medium=marketing-email&utm_campaign=email3_0128_emeafw&uid=e87b7481-c892-ef11-ac21-0022482cda5d/cdn-cgi/scripts/5c5dd728/cloudflare-static/email-decode.min.js,http://www.egain.com,contact-us,?utm_source=1on1&utm_medium=marketing-email&utm_campaign=email3_0128_emeafw&uid=e87b7481-c892-ef11-ac21-0022482cda5d,cdn-cgi,scripts,5c5dd728,cloudflare-static/email-decode.min.js
47.198.65.185,2025-02-01 00:39:18,/company/investors/,-,company,investors,,,,
47.198.65.185,2025-02-01 00:39:19,/company/investors/,-,company,investors,,,,
69.191.211.214,2025-02-01 00:39:21,/company/investors/,-,company,investors,,,,
35.160.202.107,2025-02-01 00:39:29,/,-,,,,,,
76.22.69.149,2025-02-01 00:39:29,/company/news/press-releases/,-,company,news,press-releases,,,
162.209.124.98,2025-02-01 00:39:34,/company/events/,-,company,events,,,,
162.209.124.98,2025-02-01 00:39:35,/company/events/,-,company,events,,,,
5.62.152.147,2025-02-01 00:39:38,/,-,,,,,,
69.77.137.175,2025-02-01 00:39:40,/knowledge-management-in-providers-health-care/,https://www.egain.com/,knowledge-management-in-providers-health-care,,,,,
83.229.119.248,2025-02-01 00:39:40,/,-,,,,,,
213.255.204.139,2025-02-01 00:39:42,/,-,,,,,,
209.99.170.97,2025-02-01 00:39:44,/,-,,,,,,
5.62.157.135,2025-02-01 00:39:46,/,-,,,,,,
69.191.211.211,2025-02-01 00:39:51,/company/investors/,-,company,investors,,,,
196.242.114.92,2025-02-01 00:39:57,/,-,,,,,,
35.193.190.109,2025-02-01 00:40:00,/company/careers/,-,company,careers,,,,
69.77.137.175,2025-02-01 00:40:13,/ai-knowledge-hub/,https://www.egain.com/,ai-knowledge-hub,,,,,
69.191.211.213,2025-02-01 00:40:21,/company/investors/,-,company,investors,,,,
31.129.170.42,2025-02-01 00:40:25,/blog/,https://www.egain.com/blog/,blog,,,,,
31.129.170.42,2025-02-01 00:40:25,/partner-deal-registration-form/,https://www.egain.com/partner-deal-registration-form/,partner-deal-registration-form,,,,,
213.180.203.234,2025-02-01 00:40:34,/company/careers/manager-senior-manager-demand-generation/,-,company,careers,manager-senior-manager-demand-generation,,,
162.249.165.126,2025-02-01 00:40:39,/,-,,,,,,
89.246.241.14,2025-02-01 00:40:40,/best-knowledge-management-software-for-adobe/,-,best-knowledge-management-software-for-adobe,,,,,
206.41.177.169,2025-02-01 00:40:41,/,-,,,,,,
209.99.169.104,2025-02-01 00:40:43,/,-,,,,,,
5.62.155.248,2025-02-01 00:40:45,/,-,,,,,,
5.62.153.222,2025-02-01 00:40:47,/,-,,,,,,
69.191.211.213,2025-02-01 00:40:51,/company/investors/,-,company,investors,,,,
24.173.150.18,2025-02-01 00:41:05,/blog/,-,blog,,,,,
69.77.137.175,2025-02-01 00:41:08,/solutions/,https://www.egain.com/,solutions,,,,,
69.77.137.175,2025-02-01 00:41:10,/knowledge-management-in-contact-centers/,https://www.egain.com/,knowledge-management-in-contact-centers,,,,,
66.102.8.76,2025-02-01 00:41:17,/what-is-knowledge-management-system/,-,what-is-knowledge-management-system,,,,,
69.191.211.207,2025-02-01 00:41:22,/company/investors/,-,company,investors,,,,
69.77.137.175,2025-02-01 00:41:32,/solutions/,https://www.egain.com/,solutions,,,,,
78.138.55.6,2025-02-01 00:41:39,/,-,,,,,,
69.77.137.175,2025-02-01 00:41:39,/knowledge-management-in-contact-centers/,https://www.egain.com/,knowledge-management-in-contact-centers,,,,,
203.166.148.31,2025-02-01 00:41:41,/,-,,,,,,
23.249.163.113,2025-02-01 00:41:42,/,-,,,,,,
23.230.39.189,2025-02-01 00:41:43,/copyright/,-,copyright,,,,,
23.230.39.189,2025-02-01 00:41:43,/copyright/,http://egain.com/copyright/,copyright,,,,,
23.230.39.189,2025-02-01 00:41:44,/copyright/,https://egain.com/copyright/,copyright,,,,,
45.77.146.191,2025-02-01 00:41:44,/company/investors/,-,company,investors,,,,
45.77.146.191,2025-02-01 00:41:44,/company/annual-reports/,-,company,annual-reports,,,,
23.230.39.189,2025-02-01 00:41:44,/knowledge-management-in-it/,https://www.egain.com/copyright/,knowledge-management-in-it,,,,,
45.77.146.191,2025-02-01 00:41:44,/company/investors/annual-reports/,-,company,investors,annual-reports,,,
213.255.207.97,2025-02-01 00:41:45,/,-,,,,,,
45.77.146.191,2025-02-01 00:41:45,/company/events/,-,company,events,,,,
213.255.194.128,2025-02-01 00:41:47,/,-,,,,,,
69.77.137.175,2025-02-01 00:41:48,/solutions/,https://www.egain.com/,solutions,,,,,
69.77.137.175,2025-02-01 00:41:50,/ai-knowledge-hub/,https://www.egain.com/,ai-knowledge-hub,,,,,
69.77.137.175,2025-02-01 00:41:51,/products/,https://www.egain.com/,products,,,,,
69.191.211.213,2025-02-01 00:41:52,/company/investors/,-,company,investors,,,,
69.77.137.175,2025-02-01 00:41:57,/products/,https://www.egain.com/,products,,,,,
69.77.137.175,2025-02-01 00:41:58,/ai-knowledge-hub/,https://www.egain.com/,ai-knowledge-hub,,,,,
69.191.211.201,2025-02-01 00:42:22,/company/investors/,-,company,investors,,,,
69.77.137.175,2025-02-01 00:42:22,/knowledge-management-for-dummies/,https://www.egain.com/,knowledge-management-for-dummies,,,,,
66.249.66.20,2025-02-01 00:42:37,/,-,,,,,,
5.62.152.67,2025-02-01 00:42:39,/,-,,,,,,
83.229.110.239,2025-02-01 00:42:40,/,-,,,,,,
83.229.12.252,2025-02-01 00:42:42,/,-,,,,,,
83.229.60.189,2025-02-01 00:42:45,/,-,,,,,,
83.229.60.193,2025-02-01 00:42:46,/,-,,,,,,
69.191.211.215,2025-02-01 00:42:52,/company/investors/,-,company,investors,,,,
217.113.194.249,2025-02-01 00:43:09,/blog/2019/10/,-,blog,2019,10,,,
118.143.211.205,2025-02-01 00:43:14,/,-,,,,,,
129.211.167.70,2025-02-01 00:43:15,/,-,,,,,,
69.191.211.206,2025-02-01 00:43:22,/company/investors/,-,company,investors,,,,
162.249.166.105,2025-02-01 00:43:39,/,-,,,,,,
213.255.194.204,2025-02-01 00:43:41,/,-,,,,,,
23.249.161.106,2025-02-01 00:43:43,/,-,,,,,,
66.249.66.18,2025-02-01 00:43:44,/company/events/,-,company,events,,,,
83.229.116.244,2025-02-01 00:43:45,/,-,,,,,,
162.249.165.156,2025-02-01 00:43:47,/,-,,,,,,
66.249.66.20,2025-02-01 00:43:47,/company/events/,-,company,events,,,,
140.89.104.3,2025-02-01 00:43:49,/company/investors/,https://www.google.com/,company,investors,,,,
69.191.211.203,2025-02-01 00:43:53,/company/investors/,-,company,investors,,,,
157.245.206.144,2025-02-01 00:44:18,/blog/alfacgiapi/perl.alfa,-,blog,alfacgiapi,perl.alfa,,,
157.245.206.144,2025-02-01 00:44:19,/blog/alfacgiapi/bash.alfa,-,blog,alfacgiapi,bash.alfa,,,
157.245.206.144,2025-02-01 00:44:20,/blog/alfacgiapi/py.alfa,-,blog,alfacgiapi,py.alfa,,,
157.245.206.144,2025-02-01 00:44:21,/blog/alfacgiapi/index.php?bx=0e215962017,-,blog,alfacgiapi,index.php?bx=0e215962017,,,
157.245.206.144,2025-02-01 00:44:21,/blog/alfacgiapi/radio.php?bx=0e215962017,-,blog,alfacgiapi,radio.php?bx=0e215962017,,,
157.245.206.144,2025-02-01 00:44:22,/blog/alfacgiapi/radio.php?bx=0e215962017,-,blog,alfacgiapi,radio.php?bx=0e215962017,,,
157.245.206.144,2025-02-01 00:44:22,/blog/alfacgiapi/404.php?bx=0e215962017,-,blog,alfacgiapi,404.php?bx=0e215962017,,,
69.191.211.218,2025-02-01 00:44:23,/company/investors/,-,company,investors,,,,
35.160.202.107,2025-02-01 00:44:29,/,-,,,,,,
31.129.170.42,2025-02-01 00:44:34,/partner-deal-registration-form/,https://www.egain.com/,partner-deal-registration-form,,,,,
209.99.164.252,2025-02-01 00:44:38,/,-,,,,,,
83.229.36.136,2025-02-01 00:44:40,/,-,,,,,,
203.166.150.157,2025-02-01 00:44:42,/,-,,,,,,
217.194.152.69,2025-02-01 00:44:44,/,-,,,,,,
185.191.171.17,2025-02-01 00:44:44,/blog/tag/knowledge/,-,blog,tag,knowledge,,,
23.249.174.193,2025-02-01 00:44:48,/,-,,,,,,
69.191.211.211,2025-02-01 00:44:53,/company/investors/,-,company,investors,,,,
89.246.241.14,2025-02-01 00:45:20,/what-is-knowledge-management/,-,what-is-knowledge-management,,,,,
34.209.112.47,2025-02-01 00:45:21,/company/news/press-releases/egain-knowledge-hub-now-available-on-sap-store/,-,company,news,press-releases,egain-knowledge-hub-now-available-on-sap-store,,
69.191.211.206,2025-02-01 00:45:23,/company/investors/,-,company,investors,,,,
89.246.241.14,2025-02-01 00:45:30,/products/chatbot-virtual-assistant-software/,-,products,chatbot-virtual-assistant-software,,,,
83.229.92.128,2025-02-01 00:45:39,/,-,,,,,,
217.194.139.223,2025-02-01 00:45:41,/,-,,,,,,
194.124.255.44,2025-02-01 00:45:43,/,-,,,,,,
209.11.218.77,2025-02-01 00:45:44,/company/investors/proxy-statement-and-annual-report/,-,company,investors,proxy-statement-and-annual-report,,,
203.166.152.15,2025-02-01 00:45:45,/,-,,,,,,
209.11.218.77,2025-02-01 00:45:45,/company/investors/proxy-statement-and-annual-report/,-,company,investors,proxy-statement-and-annual-report,,,
83.229.118.115,2025-02-01 00:45:47,/,-,,,,,,
18.222.52.19,2025-02-01 00:45:48,/company/news/press-releases/,-,company,news,press-releases,,,
209.11.218.77,2025-02-01 00:45:49,/company/investors/proxy-statement-and-annual-report/,-,company,investors,proxy-statement-and-annual-report,,,
3.145.118.132,2025-02-01 00:45:50,/blog/,-,blog,,,,,
3.145.118.132,2025-02-01 00:45:52,/company/investors/,-,company,investors,,,,
69.191.211.207,2025-02-01 00:45:53,/company/investors/,-,company,investors,,,,
104.207.4.7,2025-02-01 00:45:58,/,-,,,,,,
91.84.104.177,2025-02-01 00:46:13,/copyright/,-,copyright,,,,,
91.84.104.177,2025-02-01 00:46:14,/copyright/,http://egain.com/copyright/,copyright,,,,,
91.84.104.177,2025-02-01 00:46:14,/copyright/,https://egain.com/copyright/,copyright,,,,,
91.84.104.177,2025-02-01 00:46:15,/knowledge-management-in-it/,https://www.egain.com/copyright/,knowledge-management-in-it,,,,,
69.191.211.206,2025-02-01 00:46:24,/company/investors/,-,company,investors,,,,
83.229.12.48,2025-02-01 00:46:38,/,-,,,,,,
162.249.167.104,2025-02-01 00:46:40,/,-,,,,,,
162.249.166.174,2025-02-01 00:46:42,/,-,,,,,,
162.249.164.23,2025-02-01 00:46:44,/,-,,,,,,
5.62.159.51,2025-02-01 00:46:46,/,-,,,,,,
104.207.4.7,2025-02-01 00:46:48,/,-,,,,,,
69.191.211.201,2025-02-01 00:46:54,/company/investors/,-,company,investors,,,,
12.151.47.154,2025-02-01 00:46:58,/company/careers,-,company,careers,,,,
12.151.47.154,2025-02-01 00:46:59,/company/careers/,-,company,careers,,,,
69.191.211.201,2025-02-01 00:47:24,/company/investors/,-,company,investors,,,,
209.99.168.5,2025-02-01 00:47:38,/,-,,,,,,
217.194.139.220,2025-02-01 00:47:40,/,-,,,,,,
157.55.39.52,2025-02-01 00:47:41,/company/news/press-releases/egain-to-announce-fiscal-2024-fourth-quarter-and-full-year-financial-results-on-september-5-2024,-,company,news,press-releases,egain-to-announce-fiscal-2024-fourth-quarter-and-full-year-financial-results-on-september-5-2024,,
78.138.53.203,2025-02-01 00:47:42,/,-,,,,,,
83.229.59.130,2025-02-01 00:47:44,/,-,,,,,,
217.194.136.242,2025-02-01 00:47:46,/,-,,,,,,
217.113.194.146,2025-02-01 00:47:53,/blog/2019/02/,-,blog,2019,02,,,
69.191.211.203,2025-02-01 00:47:54,/company/investors/,-,company,investors,,,,
89.246.241.14,2025-02-01 00:48:08,/resources/articles/,-,resources,articles,,,,
216.221.221.235,2025-02-01 00:48:14,/company/investors/annual-reports/,-,company,investors,annual-reports,,,
157.55.39.11,2025-02-01 00:48:16,/company/news/press-releases/egain-to-announce-fiscal-2024-fourth-quarter-and-full-year-financial-results-on-september-5-2024/,-,company,news,press-releases,egain-to-announce-fiscal-2024-fourth-quarter-and-full-year-financial-results-on-september-5-2024,,
167.253.67.14,2025-02-01 00:48:19,/copyright/,-,copyright,,,,,
156.228.119.191,2025-02-01 00:48:21,/knowledge-management-in-it/,https://www.egain.com/copyright/,knowledge-management-in-it,,,,,
69.191.211.206,2025-02-01 00:48:24,/company/investors/,-,company,investors,,,,
13.83.150.176,2025-02-01 00:48:26,/company/executive-team/,-,company,executive-team,,,,
13.83.150.176,2025-02-01 00:48:27,/company/executive-team/,-,company,executive-team,,,,
83.229.58.210,2025-02-01 00:48:38,/,-,,,,,,
5.62.155.118,2025-02-01 00:48:40,/,-,,,,,,
168.151.59.96,2025-02-01 00:48:42,/,-,,,,,,
83.229.36.125,2025-02-01 00:48:45,/,-,,,,,,
217.194.136.184,2025-02-01 00:48:46,/,-,,,,,,
69.191.211.207,2025-02-01 00:48:55,/company/investors/,-,company,investors,,,,
89.246.241.14,2025-02-01 00:49:10,/products/click-to-call,-,products,click-to-call,,,,
216.221.221.235,2025-02-01 00:49:18,/company/investors/proxy-statement-and-annual-report/,-,company,investors,proxy-statement-and-annual-report,,,
69.191.211.201,2025-02-01 00:49:25,/company/investors/,-,company,investors,,,,
35.160.202.107,2025-02-01 00:49:29,/,-,,,,,,
145.239.113.73,2025-02-01 00:49:38,/,-,,,,,,
217.182.228.52,2025-02-01 00:49:38,/,-,,,,,,
203.166.149.225,2025-02-01 00:49:39,/,-,,,,,,
83.229.118.116,2025-02-01 00:49:41,/,-,,,,,,
203.166.156.217,2025-02-01 00:49:43,/,-,,,,,,
23.249.174.192,2025-02-01 00:49:45,/,-,,,,,,
83.229.36.116,2025-02-01 00:49:47,/,-,,,,,,
69.191.211.219,2025-02-01 00:49:55,/company/investors/,-,company,investors,,,,
89.246.241.14,2025-02-01 00:50:03,/products/web-self-service-software/,-,products,web-self-service-software,,,,
162.209.124.98,2025-02-01 00:50:07,/company/events/,-,company,events,,,,
194.99.26.120,2025-02-01 00:50:11,/copyright/,-,copyright,,,,,
194.99.26.120,2025-02-01 00:50:13,/knowledge-management-in-it/,https://www.egain.com/copyright/,knowledge-management-in-it,,,,,
204.93.227.6,2025-02-01 00:50:21,/blog/knowledge-management-slash-costs/,-,blog,knowledge-management-slash-costs,,,,
69.191.211.213,2025-02-01 00:50:25,/company/investors/,-,company,investors,,,,
203.166.145.254,2025-02-01 00:50:38,/,-,,,,,,
194.126.194.117,2025-02-01 00:50:40,/,-,,,,,,
83.229.119.98,2025-02-01 00:50:42,/,-,,,,,,
216.170.123.234,2025-02-01 00:50:44,/,-,,,,,,
83.229.0.145,2025-02-01 00:50:46,/,-,,,,,,
140.89.104.3,2025-02-01 00:50:48,/,-,,,,,,
69.191.211.211,2025-02-01 00:50:56,/company/investors/,-,company,investors,,,,
72.14.201.142,2025-02-01 00:50:59,/what-is-knowledge-management-system/,https://www.google.com/,what-is-knowledge-management-system,,,,,
140.89.104.3,2025-02-01 00:51:07,/company/careers/,https://www.egain.com/,company,careers,,,,
140.89.104.3,2025-02-01 00:51:11,/company/careers/principal-software-development-engineer/,https://www.egain.com/,company,careers,principal-software-development-engineer,,,
18.119.111.13,2025-02-01 00:51:26,/contact-us/?utm_source=1on1&utm_medium=marketing-email&utm_campaign=email3_0128_emeafw&uid=4fcc1b96-7077-ef11-a670-0022482cd3d0,-,contact-us,?utm_source=1on1&utm_medium=marketing-email&utm_campaign=email3_0128_emeafw&uid=4fcc1b96-7077-ef11-a670-0022482cd3d0,,,,
3.147.73.102,2025-02-01 00:51:26,/contact-us/?utm_source=1on1&utm_medium=marketing-email&utm_campaign=email3_0128_emeafw&uid=4fcc1b96-7077-ef11-a670-0022482cd3d0,-,contact-us,?utm_source=1on1&utm_medium=marketing-email&utm_campaign=email3_0128_emeafw&uid=4fcc1b96-7077-ef11-a670-0022482cd3d0,,,,
69.191.211.212,2025-02-01 00:51:26,/company/investors/,-,company,investors,,,,
34.71.214.216,2025-02-01 00:51:26,/contact-us/?utm_source=1on1&utm_medium=marketing-email&utm_campaign=email3_0128_emeafw&uid=4fcc1b96-7077-ef11-a670-0022482cd3d0,-,contact-us,?utm_source=1on1&utm_medium=marketing-email&utm_campaign=email3_0128_emeafw&uid=4fcc1b96-7077-ef11-a670-0022482cd3d0,,,,
107.178.194.73,2025-02-01 00:51:26,/contact-us/?utm_source=1on1&utm_medium=marketing-email&utm_campaign=email3_0128_emeafw&uid=4fcc1b96-7077-ef11-a670-0022482cd3d0,http://www.egain.com,contact-us,?utm_source=1on1&utm_medium=marketing-email&utm_campaign=email3_0128_emeafw&uid=4fcc1b96-7077-ef11-a670-0022482cd3d0,,,,
107.178.194.73,2025-02-01 00:51:33,/contact-us/?utm_source=1on1&utm_medium=marketing-email&utm_campaign=email3_0128_emeafw&uid=4fcc1b96-7077-ef11-a670-0022482cd3d0,http://www.egain.com,contact-us,?utm_source=1on1&utm_medium=marketing-email&utm_campaign=email3_0128_emeafw&uid=4fcc1b96-7077-ef11-a670-0022482cd3d0,,,,
107.178.194.74,2025-02-01 00:51:36,/contact-us/?utm_source=1on1&utm_medium=marketing-email&utm_campaign=email3_0128_emeafw&uid=4fcc1b96-7077-ef11-a670-0022482cd3d0/cdn-cgi/scripts/5c5dd728/cloudflare-static/email-decode.min.js,http://www.egain.com,contact-us,?utm_source=1on1&utm_medium=marketing-email&utm_campaign=email3_0128_emeafw&uid=4fcc1b96-7077-ef11-a670-0022482cd3d0,cdn-cgi,scripts,5c5dd728,cloudflare-static/email-decode.min.js
107.178.194.67,2025-02-01 00:51:36,/contact-us/?utm_source=1on1&utm_medium=marketing-email&utm_campaign=email3_0128_emeafw&uid=4fcc1b96-7077-ef11-a670-0022482cd3d0/cdn-cgi/scripts/5c5dd728/cloudflare-static/email-decode.min.js,http://www.egain.com,contact-us,?utm_source=1on1&utm_medium=marketing-email&utm_campaign=email3_0128_emeafw&uid=4fcc1b96-7077-ef11-a670-0022482cd3d0,cdn-cgi,scripts,5c5dd728,cloudflare-static/email-decode.min.js
83.229.119.184,2025-02-01 00:51:40,/,-,,,,,,
176.111.172.183,2025-02-01 00:51:42,/,-,,,,,,
162.249.167.212,2025-02-01 00:51:43,/,-,,,,,,
83.229.119.56,2025-02-01 00:51:45,/,-,,,,,,
162.249.165.65,2025-02-01 00:51:48,/,-,,,,,,
69.191.211.204,2025-02-01 00:51:56,/company/investors/,-,company,investors,,,,
34.209.112.47,2025-02-01 00:51:56,/knowledge-management-call-center-training/,-,knowledge-management-call-center-training,,,,,
136.228.255.9,2025-02-01 00:52:02,/company/executive-team/,https://www.google.com/,company,executive-team,,,,
216.221.221.235,2025-02-01 00:52:11,/company/investors/governance-documents/,-,company,investors,governance-documents,,,
34.213.174.241,2025-02-01 00:52:16,/company/careers/associate-knowledge-and-content-strategy/,-,company,careers,associate-knowledge-and-content-strategy,,,
3.98.194.109,2025-02-01 00:52:23,/company/careers/associate-knowledge-and-content-strategy/,-,company,careers,associate-knowledge-and-content-strategy,,,
69.191.211.219,2025-02-01 00:52:26,/company/investors/,-,company,investors,,,,
217.113.194.147,2025-02-01 00:52:27,/conversation-hub/,-,conversation-hub,,,,,
23.249.163.185,2025-02-01 00:52:39,/,-,,,,,,
217.194.137.145,2025-02-01 00:52:41,/,-,,,,,,
213.255.196.17,2025-02-01 00:52:43,/,-,,,,,,
203.166.149.73,2025-02-01 00:52:45,/,-,,,,,,
162.249.166.40,2025-02-01 00:52:48,/,-,,,,,,
18.219.101.101,2025-02-01 00:52:54,/company/careers/software-development-engineer/,-,company,careers,software-development-engineer,,,
69.191.211.202,2025-02-01 00:52:56,/company/investors/,-,company,investors,,,,
35.193.190.109,2025-02-01 00:53:04,/knowledge-management-in-health-insurance/,-,knowledge-management-in-health-insurance,,,,,
3.21.234.213,2025-02-01 00:53:07,/company/news/press-releases/,-,company,news,press-releases,,,
69.191.211.201,2025-02-01 00:53:27,/company/investors/,-,company,investors,,,,
83.229.117.9,2025-02-01 00:53:38,/,-,,,,,,
83.229.30.25,2025-02-01 00:53:40,/,-,,,,,,
217.194.130.82,2025-02-01 00:53:42,/,-,,,,,,
162.249.164.253,2025-02-01 00:53:44,/,-,,,,,,
217.194.137.154,2025-02-01 00:53:47,/,-,,,,,,
69.191.211.211,2025-02-01 00:53:57,/company/investors/,-,company,investors,,,,
66.249.66.21,2025-02-01 00:54:26,/,-,,,,,,
69.191.211.218,2025-02-01 00:54:27,/company/investors/,-,company,investors,,,,
35.160.202.107,2025-02-01 00:54:29,/,-,,,,,,
3.142.225.225,2025-02-01 00:54:34,/blog/use-cases-generative-ai-cx-ex/?utm_source=1on1&utm_medium=marketing-email&utm_campaign=usecases_0130_na_fw&uid=13d21d73-a16b-e711-8120-e0071b66ae81,-,blog,use-cases-generative-ai-cx-ex,?utm_source=1on1&utm_medium=marketing-email&utm_campaign=usecases_0130_na_fw&uid=13d21d73-a16b-e711-8120-e0071b66ae81,,,
18.218.176.16,2025-02-01 00:54:34,/blog/use-cases-generative-ai-cx-ex/?utm_source=1on1&utm_medium=marketing-email&utm_campaign=usecases_0130_na_fw&uid=13d21d73-a16b-e711-8120-e0071b66ae81,-,blog,use-cases-generative-ai-cx-ex,?utm_source=1on1&utm_medium=marketing-email&utm_campaign=usecases_0130_na_fw&uid=13d21d73-a16b-e711-8120-e0071b66ae81,,,
34.174.192.151,2025-02-01 00:54:34,/blog/use-cases-generative-ai-cx-ex/?utm_source=1on1&utm_medium=marketing-email&utm_campaign=usecases_0130_na_fw&uid=13d21d73-a16b-e711-8120-e0071b66ae81,-,blog,use-cases-generative-ai-cx-ex,?utm_source=1on1&utm_medium=marketing-email&utm_campaign=usecases_0130_na_fw&uid=13d21d73-a16b-e711-8120-e0071b66ae81,,,
107.178.194.74,2025-02-01 00:54:34,/blog/use-cases-generative-ai-cx-ex/?utm_source=1on1&utm_medium=marketing-email&utm_campaign=usecases_0130_na_fw&uid=13d21d73-a16b-e711-8120-e0071b66ae81,http://www.egain.com,blog,use-cases-generative-ai-cx-ex,?utm_source=1on1&utm_medium=marketing-email&utm_campaign=usecases_0130_na_fw&uid=13d21d73-a16b-e711-8120-e0071b66ae81,,,
107.178.194.68,2025-02-01 00:54:36,/blog/use-cases-generative-ai-cx-ex/?utm_source=1on1&utm_medium=marketing-email&utm_campaign=usecases_0130_na_fw&uid=13d21d73-a16b-e711-8120-e0071b66ae81,http://www.egain.com,blog,use-cases-generative-ai-cx-ex,?utm_source=1on1&utm_medium=marketing-email&utm_campaign=usecases_0130_na_fw&uid=13d21d73-a16b-e711-8120-e0071b66ae81,,,
107.178.194.68,2025-02-01 00:54:38,/blog/use-cases-generative-ai-cx-ex/?utm_source=1on1&utm_medium=marketing-email&utm_campaign=usecases_0130_na_fw&uid=13d21d73-a16b-e711-8120-e0071b66ae81/cdn-cgi/scripts/5c5dd728/cloudflare-static/email-decode.min.js,http://www.egain.com,blog,use-cases-generative-ai-cx-ex,?utm_source=1on1&utm_medium=marketing-email&utm_campaign=usecases_0130_na_fw&uid=13d21d73-a16b-e711-8120-e0071b66ae81,cdn-cgi,scripts,5c5dd728/cloudflare-static/email-decode.min.js
217.194.152.167,2025-02-01 00:54:39,/,-,,,,,,
203.166.152.15,2025-02-01 00:54:41,/,-,,,,,,
206.41.186.215,2025-02-01 00:54:43,/,-,,,,,,
206.41.176.11,2025-02-01 00:54:46,/,-,,,,,,
216.170.118.193,2025-02-01 00:54:47,/,-,,,,,,
69.191.211.212,2025-02-01 00:54:57,/company/investors/,-,company,investors,,,,
69.191.211.206,2025-02-01 00:55:28,/company/investors/,-,company,investors,,,,
193.186.4.212,2025-02-01 00:55:30,/what-is-knowledge-management-process/,https://www.google.com/,what-is-knowledge-management-process,,,,,
83.229.116.184,2025-02-01 00:55:38,/,-,,,,,,
83.229.1.186,2025-02-01 00:55:40,/,-,,,,,,
83.229.60.163,2025-02-01 00:55:42,/,-,,,,,,
209.99.169.105,2025-02-01 00:55:44,/,-,,,,,,
203.166.154.47,2025-02-01 00:55:46,/,-,,,,,,
69.191.211.214,2025-02-01 00:55:58,/company/investors/,-,company,investors,,,,
157.55.39.52,2025-02-01 00:56:13,/best-knowledge-management-software-for-microsoft-dynamics/,-,best-knowledge-management-software-for-microsoft-dynamics,,,,,
213.186.1.154,2025-02-01 00:56:21,/,-,,,,,,
89.246.241.14,2025-02-01 00:56:28,/resources/white-papers/,-,resources,white-papers,,,,
69.191.211.211,2025-02-01 00:56:28,/company/investors/,-,company,investors,,,,
168.151.59.178,2025-02-01 00:56:39,/,-,,,,,,
162.249.167.214,2025-02-01 00:56:41,/,-,,,,,,
162.249.167.140,2025-02-01 00:56:44,/,-,,,,,,
217.194.139.140,2025-02-01 00:56:45,/,-,,,,,,
5.62.159.135,2025-02-01 00:56:47,/,-,,,,,,
85.208.98.57,2025-02-01 00:56:48,/what-is-knowledge-management/,-,what-is-knowledge-management,,,,,
69.191.211.203,2025-02-01 00:56:58,/company/investors/,-,company,investors,,,,
69.191.211.203,2025-02-01 00:57:29,/company/investors/,-,company,investors,,,,
66.249.66.18,2025-02-01 00:57:35,/products/,-,products,,,,,
23.249.175.43,2025-02-01 00:57:39,/,-,,,,,,
216.170.118.170,2025-02-01 00:57:41,/,-,,,,,,
206.41.177.51,2025-02-01 00:57:43,/,-,,,,,,
213.255.204.209,2025-02-01 00:57:45,/,-,,,,,,
23.249.161.88,2025-02-01 00:57:47,/,-,,,,,,
69.191.211.217,2025-02-01 00:57:59,/company/investors/,-,company,investors,,,,
13.83.150.176,2025-02-01 00:58:10,/company/news/press-releases/,-,company,news,press-releases,,,
69.191.211.204,2025-02-01 00:58:29,/company/investors/,-,company,investors,,,,
27.115.124.70,2025-02-01 00:58:29,/,http://baidu.com/,,,,,,
98.159.36.22,2025-02-01 00:58:38,/copyright/,-,copyright,,,,,
209.99.170.52,2025-02-01 00:58:38,/,-,,,,,,
162.249.164.159,2025-02-01 00:58:40,/,-,,,,,,
98.159.36.22,2025-02-01 00:58:40,/knowledge-management-in-it/,https://www.egain.com/copyright/,knowledge-management-in-it,,,,,
27.115.124.70,2025-02-01 00:58:41,/,http://baidu.com/,,,,,,
27.115.124.109,2025-02-01 00:58:41,/,http://baidu.com/,,,,,,
27.115.124.6,2025-02-01 00:58:42,/,http://baidu.com/,,,,,,
83.229.7.137,2025-02-01 00:58:42,/,-,,,,,,
27.115.124.6,2025-02-01 00:58:43,/marketplace/,http://baidu.com/,marketplace,,,,,
162.249.167.72,2025-02-01 00:58:46,/,-,,,,,,
23.249.175.231,2025-02-01 00:58:46,/,-,,,,,,
69.191.211.210,2025-02-01 00:58:59,/company/investors/,-,company,investors,,,,
3.21.142.42,2025-02-01 00:59:01,/company/careers/email-marketing-specialist/,-,company,careers,email-marketing-specialist,,,
54.245.76.162,2025-02-01 00:59:05,/company/events/feed/,-,company,events,feed,,,
54.245.76.162,2025-02-01 00:59:06,/company/events/feed/,-,company,events,feed,,,
69.191.211.202,2025-02-01 00:59:29,/company/investors/,-,company,investors,,,,
35.160.202.107,2025-02-01 00:59:30,/,-,,,,,,
83.229.118.204,2025-02-01 00:59:39,/,-,,,,,,
83.229.118.151,2025-02-01 00:59:41,/,-,,,,,,
54.245.76.162,2025-02-01 00:59:42,/resources/white_papers/feed/,-,resources,white_papers,feed,,,
83.229.117.179,2025-02-01 00:59:43,/,-,,,,,,
54.245.76.162,2025-02-01 00:59:43,/resources/white_papers/feed/,-,resources,white_papers,feed,,,
157.55.39.52,2025-02-01 00:59:43,/generative-ai-knowledge-management/,-,generative-ai-knowledge-management,,,,,
162.249.167.15,2025-02-01 00:59:44,/,-,,,,,,
149.88.27.87,2025-02-01 00:59:46,/blog/use-cases-generative-ai-cx-ex/?utm_source=1on1&utm_medium=marketing-email&utm_campaign=usecases_0130_na_fw&uid=e06ddce6-4fd2-ee11-907a-0022482cd826,-,blog,use-cases-generative-ai-cx-ex,?utm_source=1on1&utm_medium=marketing-email&utm_campaign=usecases_0130_na_fw&uid=e06ddce6-4fd2-ee11-907a-0022482cd826,,,
83.229.119.251,2025-02-01 00:59:47,/,-,,,,,,
69.191.211.214,2025-02-01 01:00:00,/company/investors/,-,company,investors,,,,
91.102.166.102,2025-02-01 01:00:09,/copyright/,-,copyright,,,,,
91.102.166.102,2025-02-01 01:00:09,/copyright/,http://egain.com/copyright/,copyright,,,,,
91.102.166.102,2025-02-01 01:00:09,/copyright/,https://egain.com/copyright/,copyright,,,,,
91.102.166.102,2025-02-01 01:00:12,/knowledge-management-in-it/,https://www.egain.com/copyright/,knowledge-management-in-it,,,,,
162.209.124.98,2025-02-01 01:00:24,/company/events/,-,company,events,,,,
162.209.124.98,2025-02-01 01:00:25,/company/events/,-,company,events,,,,
3.21.234.213,2025-02-01 01:00:27,/company/news/press-releases/,-,company,news,press-releases,,,
69.191.211.219,2025-02-01 01:00:30,/company/investors/,-,company,investors,,,,
213.255.194.40,2025-02-01 01:00:39,/,-,,,,,,
20.161.75.217,2025-02-01 01:00:40,/privacy-policies/,-,privacy-policies,,,,,
20.161.75.219,2025-02-01 01:00:40,/success/ai-knowledge-customer-success/,-,success,ai-knowledge-customer-success,,,,
217.194.139.15,2025-02-01 01:00:41,/,-,,,,,,
20.161.75.215,2025-02-01 01:00:41,/terms-of-use/,-,terms-of-use,,,,,
20.161.75.210,2025-02-01 01:00:41,/ai-knowledge/,-,ai-knowledge,,,,,
20.161.75.219,2025-02-01 01:00:41,/knowledge-management-system-examples/,-,knowledge-management-system-examples,,,,,
20.161.75.219,2025-02-01 01:00:42,/what-are-knowledge-management-system-examples/,-,what-are-knowledge-management-system-examples,,,,,
20.161.75.219,2025-02-01 01:00:42,/fy24q3-earnings-call-transcript/,-,fy24q3-earnings-call-transcript,,,,,
209.242.223.176,2025-02-01 01:00:43,/,-,,,,,,
206.41.186.231,2025-02-01 01:00:47,/,-,,,,,,
23.249.175.247,2025-02-01 01:00:47,/,-,,,,,,
69.191.211.212,2025-02-01 01:01:00,/company/investors/,-,company,investors,,,,
50.145.10.99,2025-02-01 01:01:05,/generative-ai-for-customer-service-success-stories-and-lessons-learned-webinar/,https://www.bing.com/,generative-ai-for-customer-service-success-stories-and-lessons-learned-webinar,,,,,
50.145.10.99,2025-02-01 01:01:09,/company/events/,https://www.egain.com/,company,events,,,,
196.242.195.170,2025-02-01 01:01:26,/copyright/,-,copyright,,,,,
69.191.211.219,2025-02-01 01:01:30,/company/investors/,-,company,investors,,,,
196.242.195.170,2025-02-01 01:01:31,/knowledge-management-in-it/,https://www.egain.com/copyright/,knowledge-management-in-it,,,,,
217.194.130.22,2025-02-01 01:01:39,/,-,,,,,,
162.249.165.172,2025-02-01 01:01:41,/,-,,,,,,
213.255.193.168,2025-02-01 01:01:43,/,-,,,,,,
5.62.154.135,2025-02-01 01:01:45,/,-,,,,,,
209.242.223.147,2025-02-01 01:01:48,/,-,,,,,,
69.191.211.210,2025-02-01 01:02:00,/company/investors/,-,company,investors,,,,
213.180.203.147,2025-02-01 01:02:09,/customer-service-strategies-and-best-practices/,-,customer-service-strategies-and-best-practices,,,,,
45.77.146.191,2025-02-01 01:02:14,/company/investors/,-,company,investors,,,,
45.77.146.191,2025-02-01 01:02:14,/company/annual-reports/,-,company,annual-reports,,,,
45.77.146.191,2025-02-01 01:02:14,/company/investors/annual-reports/,-,company,investors,annual-reports,,,
45.77.146.191,2025-02-01 01:02:14,/company/events/,-,company,events,,,,
69.191.211.214,2025-02-01 01:02:31,/company/investors/,-,company,investors,,,,
5.62.159.105,2025-02-01 01:02:39,/,-,,,,,,
83.229.114.190,2025-02-01 01:02:41,/,-,,,,,,
78.138.55.66,2025-02-01 01:02:43,/,-,,,,,,
217.194.137.4,2025-02-01 01:02:45,/,-,,,,,,
5.62.156.29,2025-02-01 01:02:47,/,-,,,,,,
131.153.240.10,2025-02-01 01:02:58,/,-,,,,,,
131.153.240.10,2025-02-01 01:02:58,/,-,,,,,,
69.191.211.212,2025-02-01 01:03:01,/company/investors/,-,company,investors,,,,
69.191.211.204,2025-02-01 01:03:31,/company/investors/,-,company,investors,,,,
98.159.36.22,2025-02-01 01:03:32,/copyright/,-,copyright,,,,,
98.159.36.22,2025-02-01 01:03:34,/knowledge-management-in-it/,https://www.egain.com/copyright/,knowledge-management-in-it,,,,,
206.41.177.46,2025-02-01 01:03:39,/,-,,,,,,
206.41.187.49,2025-02-01 01:03:41,/,-,,,,,,
209.99.168.165,2025-02-01 01:03:43,/,-,,,,,,
5.161.177.180,2025-02-01 01:03:44,/egain-messaging-hub/,-,egain-messaging-hub,,,,,
216.170.123.158,2025-02-01 01:03:45,/,-,,,,,,
83.229.59.111,2025-02-01 01:03:47,/,-,,,,,,
52.155.43.62,2025-02-01 01:03:58,/company/board-of-directors/,-,company,board-of-directors,,,,
52.155.43.62,2025-02-01 01:03:58,/company/board-of-directors/,-,company,board-of-directors,,,,
180.179.180.41,2025-02-01 01:04:01,/company/careers/associate-marketing-operations/,-,company,careers,associate-marketing-operations,,,
69.191.211.215,2025-02-01 01:04:01,/company/investors/,-,company,investors,,,,
49.43.99.135,2025-02-01 01:04:09,/copyright/,-,copyright,,,,,
49.43.99.135,2025-02-01 01:04:11,/copyright/,http://egain.com/copyright/,copyright,,,,,
35.160.202.107,2025-02-01 01:04:29,/,-,,,,,,
69.191.211.206,2025-02-01 01:04:32,/company/investors/,-,company,investors,,,,
35.193.190.109,2025-02-01 01:04:36,/knowledge-management-in-marketing/,-,knowledge-management-in-marketing,,,,,
194.126.194.16,2025-02-01 01:04:39,/,-,,,,,,
216.170.118.30,2025-02-01 01:04:41,/,-,,,,,,
23.249.163.159,2025-02-01 01:04:43,/,-,,,,,,
78.138.55.177,2025-02-01 01:04:45,/,-,,,,,,
83.229.116.25,2025-02-01 01:04:47,/,-,,,,,,
69.191.211.206,2025-02-01 01:05:02,/company/investors/,-,company,investors,,,,
217.113.194.151,2025-02-01 01:05:09,/company/careers/office-manager/,-,company,careers,office-manager,,,
185.87.123.170,2025-02-01 01:05:11,/copyright/,-,copyright,,,,,
77.241.74.162,2025-02-01 01:05:12,/knowledge-management-in-it/,https://www.egain.com/copyright/,knowledge-management-in-it,,,,,
101.108.99.213,2025-02-01 01:05:31,/copyright/,-,copyright,,,,,
107.178.224.226,2025-02-01 01:05:32,/,-,,,,,,
69.191.211.214,2025-02-01 01:05:32,/company/investors/,-,company,investors,,,,
101.108.99.213,2025-02-01 01:05:32,/copyright/,http://egain.com/copyright/,copyright,,,,,
162.249.167.124,2025-02-01 01:05:39,/,-,,,,,,
78.138.54.233,2025-02-01 01:05:42,/,-,,,,,,
5.62.152.227,2025-02-01 01:05:44,/,-,,,,,,
83.229.12.101,2025-02-01 01:05:45,/,-,,,,,,
217.194.131.219,2025-02-01 01:05:47,/,-,,,,,,
69.191.211.207,2025-02-01 01:06:02,/company/investors/,-,company,investors,,,,
67.167.249.63,2025-02-01 01:06:03,/company/news/press-releases/,-,company,news,press-releases,,,
3.128.77.212,2025-02-01 01:06:09,/company/board-of-directors/,-,company,board-of-directors,,,,
3.128.77.212,2025-02-01 01:06:09,/what-is-generative-ai-for-customer-service/,-,what-is-generative-ai-for-customer-service,,,,,
3.128.77.212,2025-02-01 01:06:09,/ai-coach-for-banking/,-,ai-coach-for-banking,,,,,
3.128.77.212,2025-02-01 01:06:09,/knowledge-management-in-travel-hospitality/,-,knowledge-management-in-travel-hospitality,,,,,
3.128.77.212,2025-02-01 01:06:09,/knowledge-management-in-banking/,-,knowledge-management-in-banking,,,,,
3.128.77.212,2025-02-01 01:06:09,/service-cloud/,-,service-cloud,,,,,
3.128.77.212,2025-02-01 01:06:09,/knowledge-management-in-ecommerce/,-,knowledge-management-in-ecommerce,,,,,
3.128.77.212,2025-02-01 01:06:09,/company/investors/annual-reports/,-,company,investors,annual-reports,,,
3.128.77.212,2025-02-01 01:06:09,/success/ai-knowledge-customer-success/,-,success,ai-knowledge-customer-success,,,,
3.128.77.212,2025-02-01 01:06:09,/conversation-hub/,-,conversation-hub,,,,,
3.128.77.212,2025-02-01 01:06:09,/resources/ai-knowledge-research-reports/,-,resources,ai-knowledge-research-reports,,,,
3.128.77.212,2025-02-01 01:06:09,/knowledge-management-in-tech-industry/,-,knowledge-management-in-tech-industry,,,,,
3.128.77.212,2025-02-01 01:06:09,/knowledge-management-in-helpdesks/,-,knowledge-management-in-helpdesks,,,,,
3.128.77.212,2025-02-01 01:06:09,/company/investors/,-,company,investors,,,,
3.128.77.212,2025-02-01 01:06:09,/knowledge-management-in-marketing/,-,knowledge-management-in-marketing,,,,,
3.128.77.212,2025-02-01 01:06:09,/smart-ivr/,-,smart-ivr,,,,,
3.128.77.212,2025-02-01 01:06:09,/ai-knowledge-hub/,-,ai-knowledge-hub,,,,,
3.128.77.212,2025-02-01 01:06:09,/partners/,-,partners,,,,,
3.128.77.212,2025-02-01 01:06:09,/knowledge-management-software-for-genesys-cloud/,-,knowledge-management-software-for-genesys-cloud,,,,,
3.128.77.212,2025-02-01 01:06:09,/blog/,-,blog,,,,,
3.128.77.212,2025-02-01 01:06:09,/partner-deal-registration-form/,-,partner-deal-registration-form,,,,,
3.128.77.212,2025-02-01 01:06:09,/egain-solve-for-avaya/,-,egain-solve-for-avaya,,,,,
3.128.77.212,2025-02-01 01:06:09,/knowledge-management-in-it/,-,knowledge-management-in-it,,,,,
3.128.77.212,2025-02-01 01:06:09,/knowledge-management-software-for-five9/,-,knowledge-management-software-for-five9,,,,,
3.128.77.212,2025-02-01 01:06:09,/what-is-knowledge-management-system/,-,what-is-knowledge-management-system,,,,,
3.128.77.212,2025-02-01 01:06:09,/knowledge-management-in-insurance/,-,knowledge-management-in-insurance,,,,,
3.128.77.212,2025-02-01 01:06:09,/analytics-for-amazon-connect/,-,analytics-for-amazon-connect,,,,,
3.128.77.212,2025-02-01 01:06:09,/knowledge-management-in-utilities/,-,knowledge-management-in-utilities,,,,,
3.128.77.212,2025-02-01 01:06:09,/knowledge-ai-innovation-best-practice-webinars/,-,knowledge-ai-innovation-best-practice-webinars,,,,,
3.128.77.212,2025-02-01 01:06:09,/knowledge-management-for-dummies/,-,knowledge-management-for-dummies,,,,,
3.128.77.212,2025-02-01 01:06:09,/partners/partner-locator/,-,partners,partner-locator,,,,
3.128.77.212,2025-02-01 01:06:09,/company/locations/,-,company,locations,,,,
3.128.77.212,2025-02-01 01:06:09,/knowledge-management-in-contact-centers/,-,knowledge-management-in-contact-centers,,,,,
3.128.77.212,2025-02-01 01:06:09,/best-knowledge-management-software-for-talkdesk-contact-center/,-,best-knowledge-management-software-for-talkdesk-contact-center,,,,,
3.128.77.212,2025-02-01 01:06:09,/resources/white-papers/,-,resources,white-papers,,,,
3.128.77.212,2025-02-01 01:06:09,/what-is-knowledge-management/,-,what-is-knowledge-management,,,,,
3.128.77.212,2025-02-01 01:06:09,/what-is-digital-customer-experience-and-why-it-is-important/,-,what-is-digital-customer-experience-and-why-it-is-important,,,,,
3.128.77.212,2025-02-01 01:06:09,/egain-for-servicenow/,-,egain-for-servicenow,,,,,
3.128.77.212,2025-02-01 01:06:09,/ai-knowledge-services/,-,ai-knowledge-services,,,,,
3.128.77.212,2025-02-01 01:06:09,/knowledge-management-in-telco/,-,knowledge-management-in-telco,,,,,
3.128.77.212,2025-02-01 01:06:09,/knowledge-management-in-providers-health-care/,-,knowledge-management-in-providers-health-care,,,,,
3.128.77.212,2025-02-01 01:06:09,/ai-knowledge-for-field-service/,-,ai-knowledge-for-field-service,,,,,
3.128.77.212,2025-02-01 01:06:09,/company/,-,company,,,,,
3.128.77.212,2025-02-01 01:06:09,/products/analytics/,-,products,analytics,,,,
3.128.77.212,2025-02-01 01:06:09,/knowledge-management-in-manufacturing/,-,knowledge-management-in-manufacturing,,,,,
3.128.77.212,2025-02-01 01:06:09,/dev-central/,-,dev-central,,,,,
3.128.77.212,2025-02-01 01:06:09,/knowledge-management-for-outsourcers/,-,knowledge-management-for-outsourcers,,,,,
3.128.77.212,2025-02-01 01:06:09,/egain-solve-for-amazon-connect/,-,egain-solve-for-amazon-connect,,,,,
3.128.77.212,2025-02-01 01:06:09,/egain-knowledge-hub-for-microsoft-dynamics-crm/,-,egain-knowledge-hub-for-microsoft-dynamics-crm,,,,,
3.128.77.212,2025-02-01 01:06:09,/live-chat-tool/,-,live-chat-tool,,,,,
3.128.77.212,2025-02-01 01:06:09,/products/,-,products,,,,,
3.128.77.212,2025-02-01 01:06:09,/digital-transformation-customer-service/,-,digital-transformation-customer-service,,,,,
3.128.77.212,2025-02-01 01:06:09,/success/awards/,-,success,awards,,,,
3.128.77.212,2025-02-01 01:06:09,/company/careers/,-,company,careers,,,,
3.128.77.212,2025-02-01 01:06:09,/resources/articles/,-,resources,articles,,,,
3.128.77.212,2025-02-01 01:06:09,/knowledge-management-in-government/,-,knowledge-management-in-government,,,,,
3.128.77.212,2025-02-01 01:06:09,/knowledge-management-in-retail/,-,knowledge-management-in-retail,,,,,
3.128.77.212,2025-02-01 01:06:09,/company/executive-team/,-,company,executive-team,,,,
3.128.77.212,2025-02-01 01:06:09,/knowledge-management-in-financial-services/,-,knowledge-management-in-financial-services,,,,,
3.128.77.212,2025-02-01 01:06:09,/egain-knowledge-hub-for-salesforce/,-,egain-knowledge-hub-for-salesforce,,,,,
3.128.77.212,2025-02-01 01:06:09,/egain-for-sap/,-,egain-for-sap,,,,,
3.128.77.212,2025-02-01 01:06:09,/,-,,,,,,
3.128.77.212,2025-02-01 01:06:09,/knowledge-management-in-eservice/,-,knowledge-management-in-eservice,,,,,
3.128.77.212,2025-02-01 01:06:09,/telehealth/,-,telehealth,,,,,
3.128.77.212,2025-02-01 01:06:09,/knowledge-management-in-health-insurance/,-,knowledge-management-in-health-insurance,,,,,
3.128.77.212,2025-02-01 01:06:09,/best-knowledge-management-software-for-adobe/,-,best-knowledge-management-software-for-adobe,,,,,
3.128.77.212,2025-02-01 01:06:09,/solutions/,-,solutions,,,,,
3.128.77.212,2025-02-01 01:06:09,/egain-for-ibm-watson/,-,egain-for-ibm-watson,,,,,
3.128.77.212,2025-02-01 01:06:09,/egain-cisco-webex-one/,-,egain-cisco-webex-one,,,,,
3.128.77.212,2025-02-01 01:06:09,/egain-support/,-,egain-support,,,,,
3.128.77.212,2025-02-01 01:06:09,/resources/,-,resources,,,,,
3.128.77.212,2025-02-01 01:06:09,/egain-solve-for-apple-business-chat/,-,egain-solve-for-apple-business-chat,,,,,
3.128.77.212,2025-02-01 01:06:19,/knowledge-management-in-eservice/,-,knowledge-management-in-eservice,,,,,
3.128.77.212,2025-02-01 01:06:19,/knowledge-management-in-helpdesks/,-,knowledge-management-in-helpdesks,,,,,
3.128.77.212,2025-02-01 01:06:19,/knowledge-management-in-health-insurance/,-,knowledge-management-in-health-insurance,,,,,
3.128.77.212,2025-02-01 01:06:19,/resources/articles/,-,resources,articles,,,,
3.128.77.212,2025-02-01 01:06:19,/resources/ai-knowledge-research-reports/,-,resources,ai-knowledge-research-reports,,,,
3.128.77.212,2025-02-01 01:06:19,/resources/,-,resources,,,,,
3.128.77.212,2025-02-01 01:06:19,/smart-ivr/,-,smart-ivr,,,,,
3.128.77.212,2025-02-01 01:06:19,/dev-central/,-,dev-central,,,,,
3.128.77.212,2025-02-01 01:06:19,/knowledge-management-in-travel-hospitality/,-,knowledge-management-in-travel-hospitality,,,,,
3.128.77.212,2025-02-01 01:06:19,/solutions/,-,solutions,,,,,
3.128.77.212,2025-02-01 01:06:19,/egain-knowledge-hub-for-salesforce/,-,egain-knowledge-hub-for-salesforce,,,,,
3.128.77.212,2025-02-01 01:06:19,/telehealth/,-,telehealth,,,,,
3.128.77.212,2025-02-01 01:06:19,/analytics-for-amazon-connect/,-,analytics-for-amazon-connect,,,,,
3.128.77.212,2025-02-01 01:06:19,/knowledge-management-in-providers-health-care/,-,knowledge-management-in-providers-health-care,,,,,
3.128.77.212,2025-02-01 01:06:19,/knowledge-management-in-it/,-,knowledge-management-in-it,,,,,
3.128.77.212,2025-02-01 01:06:19,/digital-transformation-customer-service/,-,digital-transformation-customer-service,,,,,
3.128.77.212,2025-02-01 01:06:19,/knowledge-ai-innovation-best-practice-webinars/,-,knowledge-ai-innovation-best-practice-webinars,,,,,
3.128.77.212,2025-02-01 01:06:19,/knowledge-management-in-insurance/,-,knowledge-management-in-insurance,,,,,
3.128.77.212,2025-02-01 01:06:19,/products/analytics/,-,products,analytics,,,,
3.128.77.212,2025-02-01 01:06:19,/conversation-hub/,-,conversation-hub,,,,,
3.128.77.212,2025-02-01 01:06:19,/knowledge-management-in-government/,-,knowledge-management-in-government,,,,,
3.128.77.212,2025-02-01 01:06:19,/knowledge-management-in-manufacturing/,-,knowledge-management-in-manufacturing,,,,,
3.128.77.212,2025-02-01 01:06:19,/ai-coach-for-banking/,-,ai-coach-for-banking,,,,,
3.128.77.212,2025-02-01 01:06:19,/what-is-knowledge-management/,-,what-is-knowledge-management,,,,,
3.128.77.212,2025-02-01 01:06:19,/egain-solve-for-amazon-connect/,-,egain-solve-for-amazon-connect,,,,,
3.128.77.212,2025-02-01 01:06:19,/egain-cisco-webex-one/,-,egain-cisco-webex-one,,,,,
3.128.77.212,2025-02-01 01:06:19,/knowledge-management-in-marketing/,-,knowledge-management-in-marketing,,,,,
3.128.77.212,2025-02-01 01:06:19,/egain-for-sap/,-,egain-for-sap,,,,,
3.128.77.212,2025-02-01 01:06:19,/egain-solve-for-apple-business-chat/,-,egain-solve-for-apple-business-chat,,,,,
3.128.77.212,2025-02-01 01:06:19,/service-cloud/,-,service-cloud,,,,,
3.128.77.212,2025-02-01 01:06:19,/partners/,-,partners,,,,,
3.128.77.212,2025-02-01 01:06:19,/knowledge-management-in-telco/,-,knowledge-management-in-telco,,,,,
3.128.77.212,2025-02-01 01:06:19,/partners/partner-locator/,-,partners,partner-locator,,,,
3.128.77.212,2025-02-01 01:06:19,/knowledge-management-in-contact-centers/,-,knowledge-management-in-contact-centers,,,,,
3.128.77.212,2025-02-01 01:06:19,/resources/white-papers/,-,resources,white-papers,,,,
3.128.77.212,2025-02-01 01:06:19,/egain-for-ibm-watson/,-,egain-for-ibm-watson,,,,,
3.128.77.212,2025-02-01 01:06:19,/ai-knowledge-hub/,-,ai-knowledge-hub,,,,,
3.128.77.212,2025-02-01 01:06:19,/best-knowledge-management-software-for-talkdesk-contact-center/,-,best-knowledge-management-software-for-talkdesk-contact-center,,,,,
3.128.77.212,2025-02-01 01:06:19,/knowledge-management-in-tech-industry/,-,knowledge-management-in-tech-industry,,,,,
3.128.77.212,2025-02-01 01:06:19,/blog/,-,blog,,,,,
3.128.77.212,2025-02-01 01:06:19,/success/ai-knowledge-customer-success/,-,success,ai-knowledge-customer-success,,,,
3.128.77.212,2025-02-01 01:06:19,/success/awards/,-,success,awards,,,,
3.128.77.212,2025-02-01 01:06:19,/ai-knowledge-for-field-service/,-,ai-knowledge-for-field-service,,,,,
3.128.77.212,2025-02-01 01:06:19,/podcasts/,-,podcasts,,,,,
3.128.77.212,2025-02-01 01:06:19,/ai-knowledge-services/,-,ai-knowledge-services,,,,,
3.128.77.212,2025-02-01 01:06:19,/knowledge-management-software-for-genesys-cloud/,-,knowledge-management-software-for-genesys-cloud,,,,,
3.128.77.212,2025-02-01 01:06:19,/contact-us/,-,contact-us,,,,,
3.128.77.212,2025-02-01 01:06:19,/what-is-generative-ai-for-customer-service/,-,what-is-generative-ai-for-customer-service,,,,,
3.128.77.212,2025-02-01 01:06:19,/knowledge-management-in-utilities/,-,knowledge-management-in-utilities,,,,,
3.128.77.212,2025-02-01 01:06:19,/what-is-knowledge-management-system/,-,what-is-knowledge-management-system,,,,,
3.128.77.212,2025-02-01 01:06:19,/egain-solve-for-avaya/,-,egain-solve-for-avaya,,,,,
3.128.77.212,2025-02-01 01:06:19,/knowledge-management-in-retail/,-,knowledge-management-in-retail,,,,,
3.128.77.212,2025-02-01 01:06:19,/company/news/press-clippings/,-,company,news,press-clippings,,,
3.128.77.212,2025-02-01 01:06:19,/company/executive-team/,-,company,executive-team,,,,
3.128.77.212,2025-02-01 01:06:19,/partner-deal-registration-form/,-,partner-deal-registration-form,,,,,
3.128.77.212,2025-02-01 01:06:19,/what-is-digital-customer-experience-and-why-it-is-important/,-,what-is-digital-customer-experience-and-why-it-is-important,,,,,
3.128.77.212,2025-02-01 01:06:19,/company/events/,-,company,events,,,,
3.128.77.212,2025-02-01 01:06:19,/best-knowledge-management-software-for-adobe/,-,best-knowledge-management-software-for-adobe,,,,,
3.128.77.212,2025-02-01 01:06:19,/company/investors/annual-reports/,-,company,investors,annual-reports,,,
3.128.77.212,2025-02-01 01:06:19,/knowledge-management-in-banking/,-,knowledge-management-in-banking,,,,,
3.128.77.212,2025-02-01 01:06:19,/egain-support/,-,egain-support,,,,,
3.128.77.212,2025-02-01 01:06:19,/,-,,,,,,
3.128.77.212,2025-02-01 01:06:19,/egain-knowledge-hub-for-microsoft-dynamics-crm/,-,egain-knowledge-hub-for-microsoft-dynamics-crm,,,,,
3.128.77.212,2025-02-01 01:06:19,/knowledge-management-for-dummies/,-,knowledge-management-for-dummies,,,,,
3.128.77.212,2025-02-01 01:06:19,/company/careers/,-,company,careers,,,,
3.128.77.212,2025-02-01 01:06:19,/knowledge-management-in-ecommerce/,-,knowledge-management-in-ecommerce,,,,,
3.128.77.212,2025-02-01 01:06:19,/company/,-,company,,,,,
3.128.77.212,2025-02-01 01:06:19,/live-chat-tool/,-,live-chat-tool,,,,,
3.128.77.212,2025-02-01 01:06:19,/knowledge-management-software-for-five9/,-,knowledge-management-software-for-five9,,,,,
3.128.77.212,2025-02-01 01:06:19,/products/,-,products,,,,,
3.128.77.212,2025-02-01 01:06:19,/company/locations/,-,company,locations,,,,
3.128.77.212,2025-02-01 01:06:19,/egain-for-servicenow/,-,egain-for-servicenow,,,,,
3.128.77.212,2025-02-01 01:06:19,/company/board-of-directors/,-,company,board-of-directors,,,,
3.128.77.212,2025-02-01 01:06:19,/knowledge-management-for-outsourcers/,-,knowledge-management-for-outsourcers,,,,,
3.128.77.212,2025-02-01 01:06:19,/company/investors/,-,company,investors,,,,
3.128.77.212,2025-02-01 01:06:19,/knowledge-management-in-financial-services/,-,knowledge-management-in-financial-services,,,,,
3.128.77.212,2025-02-01 01:06:19,/company/news/press-releases/,-,company,news,press-releases,,,
34.133.245.133,2025-02-01 01:06:22,/,-,,,,,,
3.128.77.212,2025-02-01 01:06:27,/company/news/press-releases/egain-announces-webinar-on-gen-ai-for-service-featuring-success-story-from-leading-utility-client/,-,company,news,press-releases,egain-announces-webinar-on-gen-ai-for-service-featuring-success-story-from-leading-utility-client,,
3.128.77.212,2025-02-01 01:06:27,/company/careers/,-,company,careers,,,,
3.128.77.212,2025-02-01 01:06:27,/,-,,,,,,
3.128.77.212,2025-02-01 01:06:27,/company/news/press-releases/egain-announces-fourth-quarter-and-fiscal-year-2024-financial-results-ai-knowledge-fuels-new-logo-momentum/,-,company,news,press-releases,egain-announces-fourth-quarter-and-fiscal-year-2024-financial-results-ai-knowledge-fuels-new-logo-momentum,,
3.128.77.212,2025-02-01 01:06:27,/form-subscription-best-practice-emails/,-,form-subscription-best-practice-emails,,,,,
3.128.77.212,2025-02-01 01:06:27,/company/news/press-releases/,-,company,news,press-releases,,,
3.128.77.212,2025-02-01 01:06:27,/company/news/press-releases/egain-announces-game-changing-enhancements-to-its-ai-knowledge-platform-at-solve-24/,-,company,news,press-releases,egain-announces-game-changing-enhancements-to-its-ai-knowledge-platform-at-solve-24,,
3.128.77.212,2025-02-01 01:06:27,/contact-us/,-,contact-us,,,,,
3.128.77.212,2025-02-01 01:06:27,/company/news/press-releases/egain-releases-knowledge-management-for-dummies-egain-2nd-special-edition-with-john-wiley-sons/,-,company,news,press-releases,egain-releases-knowledge-management-for-dummies-egain-2nd-special-edition-with-john-wiley-sons,,
3.128.77.212,2025-02-01 01:06:27,/cookies-policy/,-,cookies-policy,,,,,
3.128.77.212,2025-02-01 01:06:27,/company/news/press-releases/egain-announces-increase-to-stock-repurchase-program-of-20-million/,-,company,news,press-releases,egain-announces-increase-to-stock-repurchase-program-of-20-million,,
3.128.77.212,2025-02-01 01:06:27,/knowledge-ai-innovation-best-practice-webinars/,-,knowledge-ai-innovation-best-practice-webinars,,,,,
3.128.77.212,2025-02-01 01:06:27,/success/awards/,-,success,awards,,,,
3.128.77.212,2025-02-01 01:06:27,/company/news/,-,company,news,,,,
3.128.77.212,2025-02-01 01:06:27,/privacy-policies/,-,privacy-policies,,,,,
3.128.77.212,2025-02-01 01:06:27,/company/events/,-,company,events,,,,
3.128.77.212,2025-02-01 01:06:27,/company/news/press-releases/egain-named-a-representative-vendor-in-the-2024-gartner-market-guide-for-customer-service-knowledge-management-systems/,-,company,news,press-releases,egain-named-a-representative-vendor-in-the-2024-gartner-market-guide-for-customer-service-knowledge-management-systems,,
3.128.77.212,2025-02-01 01:06:27,/company/news/press-releases/ai-knowledge-thought-leaders-and-practitioners-to-convene-at-egain-solve-2024/,-,company,news,press-releases,ai-knowledge-thought-leaders-and-practitioners-to-convene-at-egain-solve-2024,,
3.128.77.212,2025-02-01 01:06:27,/company/news/press-releases/egain-reports-continued-momentum-in-new-logo-wins-driven-by-ai-knowledge-offering/,-,company,news,press-releases,egain-reports-continued-momentum-in-new-logo-wins-driven-by-ai-knowledge-offering,,
3.128.77.212,2025-02-01 01:06:27,/terms-of-use/,-,terms-of-use,,,,,
3.128.77.212,2025-02-01 01:06:27,/company/news/press-releases/virginia529-selects-egain-ai-knowledge-to-elevate-customer-and-advisor-experience/,-,company,news,press-releases,virginia529-selects-egain-ai-knowledge-to-elevate-customer-and-advisor-experience,,
3.128.77.212,2025-02-01 01:06:27,/company/news/press-releases/egain-wins-kmworld-magazines-readers-choice-award-for-2024/,-,company,news,press-releases,egain-wins-kmworld-magazines-readers-choice-award-for-2024,,
3.128.77.212,2025-02-01 01:06:27,/blog/,-,blog,,,,,
3.128.77.212,2025-02-01 01:06:27,/podcasts/,-,podcasts,,,,,
3.128.77.212,2025-02-01 01:06:27,/company/investors/,-,company,investors,,,,
3.128.77.212,2025-02-01 01:06:27,/company/news/press-releases/egain-to-announce-fiscal-2025-first-quarter-financial-results-on-november-12-2024/,-,company,news,press-releases,egain-to-announce-fiscal-2025-first-quarter-financial-results-on-november-12-2024,,
3.128.77.212,2025-02-01 01:06:27,/company/news/press-releases/egain-to-showcase-ai-knowledge-innovations-and-best-practices-at-stuttgart-km-days-2024/,-,company,news,press-releases,egain-to-showcase-ai-knowledge-innovations-and-best-practices-at-stuttgart-km-days-2024,,
3.128.77.212,2025-02-01 01:06:27,/company/,-,company,,,,,
3.128.77.212,2025-02-01 01:06:27,/company/news/press-releases/egain-announces-first-quarter-2025-financial-results/,-,company,news,press-releases,egain-announces-first-quarter-2025-financial-results,,
3.128.77.212,2025-02-01 01:06:27,/company/news/press-releases/egain-named-a-visionary-in-the-2024-gartner-magic-quadrant-for-the-crm-customer-engagement-center/,-,company,news,press-releases,egain-named-a-visionary-in-the-2024-gartner-magic-quadrant-for-the-crm-customer-engagement-center,,
3.128.77.212,2025-02-01 01:06:27,/company/news/press-releases/global-50-manufacturing-giant-trusts-egain-for-knowledge-powered-customer-service/,-,company,news,press-releases,global-50-manufacturing-giant-trusts-egain-for-knowledge-powered-customer-service,,
3.128.77.212,2025-02-01 01:06:27,/company/news/press-releases/egain-to-announce-fiscal-2024-fourth-quarter-and-full-year-financial-results-on-september-5-2024/,-,company,news,press-releases,egain-to-announce-fiscal-2024-fourth-quarter-and-full-year-financial-results-on-september-5-2024,,
3.128.77.212,2025-02-01 01:06:27,/company/news/press-clippings/,-,company,news,press-clippings,,,
34.133.245.133,2025-02-01 01:06:29,/,-,,,,,,
69.191.211.206,2025-02-01 01:06:32,/company/investors/,-,company,investors,,,,
34.133.245.133,2025-02-01 01:06:37,/,-,,,,,,
23.249.163.29,2025-02-01 01:06:38,/,-,,,,,,
5.62.154.78,2025-02-01 01:06:41,/,-,,,,,,
97.166.85.67,2025-02-01 01:06:41,/blog/,-,blog,,,,,
194.124.255.147,2025-02-01 01:06:42,/,-,,,,,,
83.229.12.164,2025-02-01 01:06:45,/,-,,,,,,
3.128.77.212,2025-02-01 01:06:45,/live-chat-tool/,-,live-chat-tool,,,,,
3.128.77.212,2025-02-01 01:06:45,/ai-knowledge-services/,-,ai-knowledge-services,,,,,
3.128.77.212,2025-02-01 01:06:45,/knowledge-management-in-government/,-,knowledge-management-in-government,,,,,
3.128.77.212,2025-02-01 01:06:45,/what-is-knowledge-management/,-,what-is-knowledge-management,,,,,
3.128.77.212,2025-02-01 01:06:45,/resources/,-,resources,,,,,
3.128.77.212,2025-02-01 01:06:45,/telehealth/,-,telehealth,,,,,
3.128.77.212,2025-02-01 01:06:45,/egain-knowledge-hub-for-salesforce/,-,egain-knowledge-hub-for-salesforce,,,,,
3.128.77.212,2025-02-01 01:06:45,/ai-knowledge-hub/,-,ai-knowledge-hub,,,,,
3.128.77.212,2025-02-01 01:06:45,/blog/,-,blog,,,,,
3.128.77.212,2025-02-01 01:06:45,/knowledge-management-in-providers-health-care/,-,knowledge-management-in-providers-health-care,,,,,
3.128.77.212,2025-02-01 01:06:45,/company/executive-team/,-,company,executive-team,,,,
3.128.77.212,2025-02-01 01:06:45,/knowledge-management-in-ecommerce/,-,knowledge-management-in-ecommerce,,,,,
3.128.77.212,2025-02-01 01:06:45,/best-knowledge-management-software-for-adobe/,-,best-knowledge-management-software-for-adobe,,,,,
3.128.77.212,2025-02-01 01:06:45,/egain-cisco-webex-one/,-,egain-cisco-webex-one,,,,,
3.128.77.212,2025-02-01 01:06:45,/partners/,-,partners,,,,,
3.128.77.212,2025-02-01 01:06:45,/knowledge-management-in-insurance/,-,knowledge-management-in-insurance,,,,,
3.128.77.212,2025-02-01 01:06:45,/egain-solve-for-avaya/,-,egain-solve-for-avaya,,,,,
3.128.77.212,2025-02-01 01:06:45,/knowledge-management-in-travel-hospitality/,-,knowledge-management-in-travel-hospitality,,,,,
3.128.77.212,2025-02-01 01:06:45,/knowledge-management-for-dummies/,-,knowledge-management-for-dummies,,,,,
3.128.77.212,2025-02-01 01:06:45,/company/locations/,-,company,locations,,,,
3.128.77.212,2025-02-01 01:06:45,/company/careers/,-,company,careers,,,,
3.128.77.212,2025-02-01 01:06:45,/knowledge-management-in-marketing/,-,knowledge-management-in-marketing,,,,,
3.128.77.212,2025-02-01 01:06:45,/products/analytics/,-,products,analytics,,,,
3.128.77.212,2025-02-01 01:06:45,/knowledge-management-in-tech-industry/,-,knowledge-management-in-tech-industry,,,,,
3.128.77.212,2025-02-01 01:06:45,/company/investors/,-,company,investors,,,,
3.128.77.212,2025-02-01 01:06:45,/egain-for-ibm-watson/,-,egain-for-ibm-watson,,,,,
3.128.77.212,2025-02-01 01:06:45,/resources/articles/,-,resources,articles,,,,
3.128.77.212,2025-02-01 01:06:45,/,-,,,,,,
3.128.77.212,2025-02-01 01:06:45,/knowledge-management-in-financial-services/,-,knowledge-management-in-financial-services,,,,,
3.128.77.212,2025-02-01 01:06:45,/best-knowledge-management-software-for-talkdesk-contact-center/,-,best-knowledge-management-software-for-talkdesk-contact-center,,,,,
3.128.77.212,2025-02-01 01:06:45,/products/,-,products,,,,,
3.128.77.212,2025-02-01 01:06:45,/smart-ivr/,-,smart-ivr,,,,,
3.128.77.212,2025-02-01 01:06:45,/knowledge-management-in-eservice/,-,knowledge-management-in-eservice,,,,,
3.128.77.212,2025-02-01 01:06:45,/egain-for-servicenow/,-,egain-for-servicenow,,,,,
3.128.77.212,2025-02-01 01:06:45,/company/,-,company,,,,,
3.128.77.212,2025-02-01 01:06:45,/company/investors/annual-reports/,-,company,investors,annual-reports,,,
3.128.77.212,2025-02-01 01:06:45,/what-is-knowledge-management-system/,-,what-is-knowledge-management-system,,,,,
3.128.77.212,2025-02-01 01:06:45,/success/awards/,-,success,awards,,,,
3.128.77.212,2025-02-01 01:06:45,/knowledge-management-in-utilities/,-,knowledge-management-in-utilities,,,,,
3.128.77.212,2025-02-01 01:06:45,/digital-transformation-customer-service/,-,digital-transformation-customer-service,,,,,
3.128.77.212,2025-02-01 01:06:45,/success/ai-knowledge-customer-success/,-,success,ai-knowledge-customer-success,,,,
3.128.77.212,2025-02-01 01:06:45,/what-is-digital-customer-experience-and-why-it-is-important/,-,what-is-digital-customer-experience-and-why-it-is-important,,,,,
3.128.77.212,2025-02-01 01:06:45,/knowledge-management-software-for-genesys-cloud/,-,knowledge-management-software-for-genesys-cloud,,,,,
3.128.77.212,2025-02-01 01:06:45,/partners/partner-locator/,-,partners,partner-locator,,,,
3.128.77.212,2025-02-01 01:06:45,/egain-for-sap/,-,egain-for-sap,,,,,
3.128.77.212,2025-02-01 01:06:45,/egain-support/,-,egain-support,,,,,
3.128.77.212,2025-02-01 01:06:45,/knowledge-management-in-it/,-,knowledge-management-in-it,,,,,
3.128.77.212,2025-02-01 01:06:45,/what-is-generative-ai-for-customer-service/,-,what-is-generative-ai-for-customer-service,,,,,
3.128.77.212,2025-02-01 01:06:45,/knowledge-ai-innovation-best-practice-webinars/,-,knowledge-ai-innovation-best-practice-webinars,,,,,
3.128.77.212,2025-02-01 01:06:45,/ai-knowledge-for-field-service/,-,ai-knowledge-for-field-service,,,,,
3.128.77.212,2025-02-01 01:06:45,/resources/ai-knowledge-research-reports/,-,resources,ai-knowledge-research-reports,,,,
3.128.77.212,2025-02-01 01:06:45,/egain-solve-for-amazon-connect/,-,egain-solve-for-amazon-connect,,,,,
3.128.77.212,2025-02-01 01:06:45,/dev-central/,-,dev-central,,,,,
3.128.77.212,2025-02-01 01:06:45,/service-cloud/,-,service-cloud,,,,,
3.128.77.212,2025-02-01 01:06:45,/ai-coach-for-banking/,-,ai-coach-for-banking,,,,,
3.128.77.212,2025-02-01 01:06:45,/conversation-hub/,-,conversation-hub,,,,,
3.128.77.212,2025-02-01 01:06:45,/partner-deal-registration-form/,-,partner-deal-registration-form,,,,,
3.128.77.212,2025-02-01 01:06:45,/knowledge-management-in-contact-centers/,-,knowledge-management-in-contact-centers,,,,,
3.128.77.212,2025-02-01 01:06:45,/knowledge-management-in-banking/,-,knowledge-management-in-banking,,,,,
3.128.77.212,2025-02-01 01:06:45,/knowledge-management-in-retail/,-,knowledge-management-in-retail,,,,,
3.128.77.212,2025-02-01 01:06:45,/knowledge-management-for-outsourcers/,-,knowledge-management-for-outsourcers,,,,,
3.128.77.212,2025-02-01 01:06:45,/company/board-of-directors/,-,company,board-of-directors,,,,
3.128.77.212,2025-02-01 01:06:45,/knowledge-management-in-manufacturing/,-,knowledge-management-in-manufacturing,,,,,
3.128.77.212,2025-02-01 01:06:45,/knowledge-management-software-for-five9/,-,knowledge-management-software-for-five9,,,,,
3.128.77.212,2025-02-01 01:06:45,/resources/white-papers/,-,resources,white-papers,,,,
3.128.77.212,2025-02-01 01:06:45,/knowledge-management-in-helpdesks/,-,knowledge-management-in-helpdesks,,,,,
3.128.77.212,2025-02-01 01:06:45,/knowledge-management-in-telco/,-,knowledge-management-in-telco,,,,,
3.128.77.212,2025-02-01 01:06:45,/egain-solve-for-apple-business-chat/,-,egain-solve-for-apple-business-chat,,,,,
3.128.77.212,2025-02-01 01:06:45,/egain-knowledge-hub-for-microsoft-dynamics-crm/,-,egain-knowledge-hub-for-microsoft-dynamics-crm,,,,,
3.128.77.212,2025-02-01 01:06:45,/analytics-for-amazon-connect/,-,analytics-for-amazon-connect,,,,,
3.128.77.212,2025-02-01 01:06:45,/solutions/,-,solutions,,,,,
3.128.77.212,2025-02-01 01:06:45,/knowledge-management-in-health-insurance/,-,knowledge-management-in-health-insurance,,,,,
13.200.136.149,2025-02-01 01:06:46,/contact-us/?utm_source=1on1&utm_medium=marketing-email&utm_campaign=email3_0128_emeafw&uid=a30b8e85-5476-e911-a980-000d3a1cbed4,-,contact-us,?utm_source=1on1&utm_medium=marketing-email&utm_campaign=email3_0128_emeafw&uid=a30b8e85-5476-e911-a980-000d3a1cbed4,,,,
213.255.193.167,2025-02-01 01:06:47,/,-,,,,,,
17.241.75.146,2025-02-01 01:06:49,/company/news/press-releases/egain-reports-saas-revenue-growth-of-19-for-first-nine-months-of-fiscal-2021/,-,company,news,press-releases,egain-reports-saas-revenue-growth-of-19-for-first-nine-months-of-fiscal-2021,,
3.128.77.212,2025-02-01 01:06:50,/,-,,,,,,
3.128.77.212,2025-02-01 01:06:50,/egain-for-ibm-watson/,-,egain-for-ibm-watson,,,,,
3.128.77.212,2025-02-01 01:06:50,/contact-us/,-,contact-us,,,,,
3.128.77.212,2025-02-01 01:06:50,/egain-for-sap/,-,egain-for-sap,,,,,
3.128.77.212,2025-02-01 01:06:50,/knowledge-management-in-travel-hospitality/,-,knowledge-management-in-travel-hospitality,,,,,
3.128.77.212,2025-02-01 01:06:50,/egain-cisco-webex-one/,-,egain-cisco-webex-one,,,,,
3.128.77.212,2025-02-01 01:06:50,/company/careers/,-,company,careers,,,,
3.128.77.212,2025-02-01 01:06:50,/ai-coach-for-banking/,-,ai-coach-for-banking,,,,,
3.128.77.212,2025-02-01 01:06:50,/company/board-of-directors/,-,company,board-of-directors,,,,
3.128.77.212,2025-02-01 01:06:50,/podcasts/,-,podcasts,,,,,
3.128.77.212,2025-02-01 01:06:50,/blog/,-,blog,,,,,
3.128.77.212,2025-02-01 01:06:50,/egain-solve-for-avaya/,-,egain-solve-for-avaya,,,,,
3.128.77.212,2025-02-01 01:06:50,/what-is-knowledge-management-system/,-,what-is-knowledge-management-system,,,,,
3.128.77.212,2025-02-01 01:06:50,/success/awards/,-,success,awards,,,,
3.128.77.212,2025-02-01 01:06:50,/company/executive-team/,-,company,executive-team,,,,
3.128.77.212,2025-02-01 01:06:50,/egain-for-servicenow/,-,egain-for-servicenow,,,,,
3.128.77.212,2025-02-01 01:06:50,/egain-knowledge-hub-for-salesforce/,-,egain-knowledge-hub-for-salesforce,,,,,
3.128.77.212,2025-02-01 01:06:50,/success/ai-knowledge-customer-success/,-,success,ai-knowledge-customer-success,,,,
3.128.77.212,2025-02-01 01:06:50,/company/investors/annual-reports/,-,company,investors,annual-reports,,,
3.128.77.212,2025-02-01 01:06:50,/ai-knowledge-for-field-service/,-,ai-knowledge-for-field-service,,,,,
3.128.77.212,2025-02-01 01:06:50,/egain-support/,-,egain-support,,,,,
3.128.77.212,2025-02-01 01:06:50,/resources/white-papers/,-,resources,white-papers,,,,
3.128.77.212,2025-02-01 01:06:50,/company/investors/,-,company,investors,,,,
3.128.77.212,2025-02-01 01:06:50,/digital-transformation-customer-service/,-,digital-transformation-customer-service,,,,,
3.128.77.212,2025-02-01 01:06:50,/knowledge-management-in-it/,-,knowledge-management-in-it,,,,,
3.128.77.212,2025-02-01 01:06:50,/knowledge-management-in-ecommerce/,-,knowledge-management-in-ecommerce,,,,,
3.128.77.212,2025-02-01 01:06:50,/ai-knowledge-hub/,-,ai-knowledge-hub,,,,,
3.128.77.212,2025-02-01 01:06:50,/best-knowledge-management-software-for-talkdesk-contact-center/,-,best-knowledge-management-software-for-talkdesk-contact-center,,,,,
3.128.77.212,2025-02-01 01:06:50,/partners/partner-locator/,-,partners,partner-locator,,,,
3.128.77.212,2025-02-01 01:06:50,/knowledge-management-in-manufacturing/,-,knowledge-management-in-manufacturing,,,,,
3.128.77.212,2025-02-01 01:06:50,/ai-knowledge-services/,-,ai-knowledge-services,,,,,
3.128.77.212,2025-02-01 01:06:50,/knowledge-management-in-helpdesks/,-,knowledge-management-in-helpdesks,,,,,
3.128.77.212,2025-02-01 01:06:50,/knowledge-management-in-retail/,-,knowledge-management-in-retail,,,,,
3.128.77.212,2025-02-01 01:06:50,/what-is-knowledge-management/,-,what-is-knowledge-management,,,,,
